160, astronomy, NASAFermiTelscp
72, baseball, BrianWilson38
72, baseball, davidortiz
72, baseball, CarlCrawford_
72, baseball, KenTremendous
72, baseball, JUS10UP10
72, baseball, TheGarfoose
72, baseball, Yankees
72, baseball, BJUPTON2
72, baseball, orlandohudson
72, baseball, Joba_62
72, baseball, HunterPence3
72, baseball, cgrand14
72, baseball, mattkemp27
72, baseball, MLBRumorCentral
72, baseball, DrewStoren
72, baseball, RedSox
72, baseball, thisisdspan
72, baseball, YankeesWFAN
72, baseball, JoeNathan36
72, baseball, Mariners
72, baseball, Coco_Crisp
48, college, slmandel
48, college, YahooForde
48, college, ESPN_SEC
48, college, schadjoe
48, college, MrCFB
48, college, bigtenconf
48, college, PeteThamelNYT
48, college, Andy_Staples
48, college, BFeldmanCBS
48, college, AP_Top25
48, college, pac12
48, college, dartmouth
48, college, Ivan_Maisel
48, college, Cornell_Univ
48, college, CollegeGameDay
48, college, Big12Conference
48, college, ESPNHomeCourt
48, college, CollegeChat
48, college, BrynMawrCollege
48, college, cbfowler
48, college, RhodesCollege
48, college, CFBLIVE
48, college, finebaum
48, college, NCStateNews
48, college, NCAA
48, college, EmoryUniversity
48, college, MattRHinton
48, college, mtholyoke
48, college, HamiltonCollege
48, college, SpelmanCollege
48, college, WheatonCollege
48, college, BucknellU
48, college, theACC
48, college, WMNews
48, college, CollegeBlogs
48, college, DanWetzel
48, college, jppalm
48, college, ESPN_BigTen
48, college, ESPN_Pac12blog
48, college, ESPN_ACC
48, college, CFTalk
170, investor, 500
171, java, caniszczyk
94, beer, TerrapinBeerCo
94, beer, CharliePapazian
94, beer, GLBC_Cleveland
94, beer, Schlafly
94, beer, thefullpint
94, beer, OdellBrewing
94, beer, hoppinfrog
94, beer, AbbeyStMartin
94, beer, sweetwaterbrew
94, beer, HeavySeasBeer
94, beer, surlybrewing
94, beer, Redhook_Brewery
94, beer, peakbrewing
94, beer, TheAbitaBeer
94, beer, Beer_Info
94, beer, MoylansBrewery
94, beer, beerevents
94, beer, ithacabeer
94, beer, BrewersAssoc
94, beer, newbelgiumbeer
94, beer, TheBeerWench
94, beer, BluePointBrewer
94, beer, GreenFlashBeer
94, beer, smuttynosebeer
94, beer, BeerMagazine
94, beer, IronHillBrewery
94, beer, craftbeerdotcom
94, beer, Weyerbacher
4, yoga, IntegralYoga
4, yoga, HathaYogaBoy
4, yoga, YogaClassPlan
4, yoga, Yoga_Living
4, yoga, ashtangayoga
4, yoga, itsallyoga_baby
4, yoga, WanderlustFest
4, yoga, yoga_girl_today
4, yoga, jerseycorn1
4, yoga, Flowyogamag
4, yoga, streetyoga
4, yoga, YogaTree
4, yoga, ElenaBrower
4, yoga, yogalivingspace
4, yoga, ARedLotus
4, yoga, AshleyTurner1
4, yoga, bepresentinc
4, yoga, JivamuktiNYC
4, yoga, YogaLifeStyIe
4, yoga, MCYogi108
4, yoga, OFFTHEMATYOGA
4, yoga, YoginiYates
433, literature, Borders
555, democrat, SenSanders
104, politics, oreillyfactor
118, sustainability, Tillesuk
115, beauty, Pixiwoos
121, architecture, MVRDV
121, architecture, archfeeds
121, architecture, archnow
121, architecture, ArchitectLeague
121, architecture, archquotes
121, architecture, architonic
121, architecture, DomusWeb
121, architecture, aplust_arch
121, architecture, parq
121, architecture, Talkitect
121, architecture, DesignMuseum
121, architecture, abitare
121, architecture, architecturelab
121, architecture, eVoloMagazine
121, architecture, worldarchnews
121, architecture, BDonline
121, architecture, HOKNetwork
121, architecture, worldarchfest
121, architecture, RIBAJ
121, architecture, ArchFoundation
121, architecture, pubarch
121, architecture, BjarkeIngels
121, architecture, formfollowshome
121, architecture, ArchitypeReview
121, architecture, forarchitects
121, architecture, HarvardGSD
123, mobile, tomiahonen
123, mobile, Symbian
123, mobile, MobileMW
123, mobile, nokiabetalabs
123, mobile, mobileindustry
123, mobile, ovibynokia
123, mobile, nokiadeveloper
123, mobile, mobilitycompany
123, mobile, sprint
123, mobile, janole
123, mobile, FlurryMobile
123, mobile, andreascon
123, mobile, MCommerceDaily
123, mobile, MobileEntBiz
123, mobile, peggyanne
123, mobile, qtproject
123, mobile, OviDeveloper
9, etsy, EverythingEtsy
9, etsy, EtsyTwitrTeam
9, etsy, Blackenedruby
9, etsy, ByHappyGoLicky
9, etsy, CraftAssistant
9, etsy, lizzibooonetsy
9, etsy, ErikaPrice
9, etsy, mamlamarquise
86, theatre, WEUnderstudies
86, theatre, johnowenjones
86, theatre, danielboys
86, theatre, raminkarimloo
86, theatre, londonwestend
86, theatre, Spiceboy81
86, theatre, lesmisofficial
86, theatre, BristolOldVic
86, theatre, ATGTICKETS
86, theatre, Gina_Beck
86, theatre, AlfieBoe
86, theatre, EquityUK
86, theatre, Sheridansmith1
86, theatre, wickedlondon
100, marketing, tmaemarketing
13, poker, RealIsildur1
13, poker, JosephHachem
13, poker, TonyGuoga
143, cycling, millarmind
143, cycling, Roman86_K
143, cycling, allandavis27
143, cycling, jakob_fuglsang
143, cycling, StueyOG
143, cycling, michaelibarry
143, cycling, marcopinotti
143, cycling, mattgoss1986
143, cycling, manuelquinziato
143, cycling, spokesmen
143, cycling, stevendejongh
143, cycling, brentbookwalter
143, cycling, RobbieVentura
143, cycling, BenKing89
143, cycling, swiftybswift
119, publishing, markcoker
119, publishing, Weegee
119, publishing, RonHogan
119, publishing, JFbookman
119, publishing, Borders
119, publishing, OpenRoadMedia
110, realestate, ExpressSupport
25, history, Historypin
25, history, RealTimeWWII
25, history, publichistorian
25, history, archivesnews
25, history, LondonHistorian
25, history, foundhistory
25, history, JQAdams_MHS
25, history, ArchiveAtBBC
25, history, The18thCentury
25, history, NASAhistory
25, history, HistoryMatters
25, history, historyscientis
25, history, Amanda_Vickery
25, history, MedievalWall
25, history, RoutledgeHist
25, history, History_Now
108, food, nytimesdining
108, food, TheAtlanticLIFE
108, food, food52news
141, mac, macappstorm
141, mac, panic
141, mac, 1Password
141, mac, daringfireball
141, mac, MacFan
141, mac, mactip
141, mac, Cabel
141, mac, MacObserver
141, mac, pschiller
141, mac, macosrumors
141, mac, digg_applenews
141, mac, siracusa
141, mac, danfrakes
141, mac, theappleblog
141, mac, yamamura
141, mac, stevewoz
141, mac, alfredapp
141, mac, MacOtakaraRSS
141, mac, macstoriesnet
141, mac, NowReport
141, mac, TheMacalope
141, mac, scottstevenson
141, mac, MacUpdate
141, mac, forstall
141, mac, iTunesJapan
141, mac, taisy0
141, mac, officeformac
141, mac, themacbuzzer
141, mac, MacGeneration
141, mac, BodyofBreen
141, mac, smokingapples
141, mac, Adium
141, mac, maczot
141, mac, TextExpander
141, mac, adamengst
141, mac, VMwareFusion
141, mac, macupdatepromo
141, mac, iTunesMusic
141, mac, optp
176, religion, rofters
155, running, higdonmarathon
155, running, AskMiles
155, running, TheTrailJogger
155, running, nikeplus
155, running, ChrisSolinsky
155, running, Vibram5Fingers
155, running, THESFMARATHON
155, running, LondonMarathon
155, running, WBZmarathon
155, running, runnersworlduk
155, running, nyrrmaryruns
155, running, lolojones
155, running, sirisaac
155, running, karagoucher
155, running, laurenfleshman
155, running, Oblinkin
155, running, salomon_running
155, running, newbalance
155, running, Marine_Marathon
155, running, NikeRunning
155, running, idiotrunner
155, running, Partnerunning
155, running, BarefootTed
155, running, sarahstanley
155, running, McDougallChris
155, running, tandfn
158, airlines, elal_airlines
457, publicrelations, jeremywoolf
39, handmade, HandmadeNewsorg
39, handmade, MGMarts
39, handmade, GemmaWildLondon
39, handmade, isamocrochet
39, handmade, yoyocottage
39, handmade, EtsyBagalicious
39, handmade, evihan
39, handmade, ShopHandmadeUK
39, handmade, whipup
39, handmade, ErikaPrice
116, finance, NYTimesDealBook
293, climatechange, 350
33, rapper, THEREALSWIZZZ
33, rapper, icecube
33, rapper, PRODIGYMOBBDEEP
33, rapper, RapperBigPooh
33, rapper, MeekMill
33, rapper, TonyYayo
33, rapper, Mr_Camron
33, rapper, therealredman
33, rapper, MissyElliott
33, rapper, MickeyFactz
33, rapper, Yelawolf
33, rapper, VADO_MH
33, rapper, LilKim
33, rapper, Phillyfreezer
33, rapper, MistahFAB
33, rapper, RevRunWisdom
120, charity, ASPCA
120, charity, howardlake
70, restaurant, Maggianos
70, restaurant, PFChangs
70, restaurant, McandSchmicks
70, restaurant, pizzahut
70, restaurant, DunkinDonuts
70, restaurant, Wendys
70, restaurant, calpizzakitchen
70, restaurant, PapaJohns
70, restaurant, RoysRestaurants
70, restaurant, SJRestaurant
70, restaurant, BOURBONSTEAKDC
70, restaurant, ChipotleTweets
70, restaurant, eatersf
70, restaurant, dominos
70, restaurant, MatchboxDC
70, restaurant, Clydes
70, restaurant, DairyQueen
70, restaurant, midtownlunch
70, restaurant, centralmr
70, restaurant, MarcelsBeckDC
70, restaurant, EquinoxDC
70, restaurant, jimmyjohns
70, restaurant, pingpongdc
70, restaurant, PolicyDC
6, youtube, davidchoimusic
6, youtube, KristinaHorner
6, youtube, AmazingPhil
6, youtube, Supermac18
6, youtube, kylesibert
6, youtube, Strawburry17
6, youtube, AndrewBravener
6, youtube, 3sixty5days
6, youtube, Nanalew
6, youtube, wongfupro
6, youtube, Onision
6, youtube, fwong
6, youtube, shutupbuck
6, youtube, bubzbeauty
6, youtube, DulceCandy87
6, youtube, melissatrippy
6, youtube, fluffeetalks
6, youtube, MattG124
6, youtube, BrettTheIntern
6, youtube, catrific
6, youtube, nicepeter
6, youtube, josephbirdsong
6, youtube, jeyyounit11
162, basketball, ESPN_CollHoops
162, basketball, mogotti25
149, comics, sohmer
149, comics, choochoobear
149, comics, dresdencodak
149, comics, wigu
149, comics, lartist
149, comics, ZachWeiner
149, comics, nedroid
149, comics, hanneloreEC
149, comics, drhastings
149, comics, TimCAD
149, comics, fayewhitaker
149, comics, ErikaMoen
149, comics, martenreed
149, comics, dorabianchi
149, comics, hawkster
149, comics, badmachinery
149, comics, penelopegaines
149, comics, svenbianchi
149, comics, davekellett
149, comics, guigar
149, comics, pintsize0101
149, comics, Shortpacked
149, comics, ananthymous
149, comics, gunnerkrigg
149, comics, marigoldfarmer
149, comics, tai_fighter
149, comics, joeycomeau
149, comics, XxSexyRavenxX
149, comics, aidosaur
575, justice, Aharon777
575, justice, 350
389, construction, ConstructionNY
117, golf, TheSirNickFaldo
117, golf, The_Open_Champ
117, golf, Theprincedc
101, sport, pbarclaytimes
101, sport, GeorgeCaulkin
101, sport, PaulHayward_gnm
62, linux, TuXapuntes
62, linux, brlinux
62, linux, ubuntizando
62, linux, usemoslinux
62, linux, commandlinefu10
62, linux, n00bsonubuntu
62, linux, jolicloud
62, linux, ubuntudicas
21, poetry, PoemsAPlenty
21, poetry, PoetrySociety
21, poetry, Poetry_Daily
21, poetry, Semaphore
21, poetry, Toltecjohn
21, poetry, ByLeavesWeLive
21, poetry, poetswritersinc
21, poetry, poetshouse
21, poetry, anonpoetry
21, poetry, PoetryBookSoc
21, poetry, magmapoetry
21, poetry, TheOpenField
21, poetry, harriet_poetry
21, poetry, thepoetrytrust
21, poetry, PoeticHeart34
21, poetry, Jemfyr
21, poetry, StAnzaPoetry
21, poetry, coffeetablepoet
21, poetry, PoetryArchive
21, poetry, PoetryDayUK
21, poetry, amoz1939
21, poetry, graftpoetry
21, poetry, tinylittlepoems
21, poetry, forgottenworks
21, poetry, muse_daily
21, poetry, beezknez
21, poetry, CoyoteSings
21, poetry, christianbok
21, poetry, yearning4d_sky
21, poetry, poetryschool
21, poetry, escarp
21, poetry, PoetCasting
21, poetry, DarkHaikuMoon
21, poetry, ThoseThr3Words
21, poetry, CarryAPoem
21, poetry, ponyups
21, poetry, gennepher
21, poetry, TheSmokingPoet
21, poetry, poetryblog
21, poetry, robertleebrewer
21, poetry, wordblender
21, poetry, iwritepoetry
21, poetry, Jannagae
21, poetry, kujakupoet
21, poetry, RavenClause
21, poetry, rattlepoetry
21, poetry, paradoxicali
21, poetry, ericcoliu
21, poetry, monkeywillow
21, poetry, PoetsPages
179, surfing, RustySurfboards
107, comedy, TheCharlieDay
19, cinema, Kinoplex
19, cinema, iTunesTrailers
19, cinema, LaisBodanzky
19, cinema, UCICinemas
19, cinema, TheAcademy
19, cinema, Cinemaeafins
19, cinema, Bonequinho
19, cinema, RioFilme
19, cinema, sessoes
19, cinema, mausaldanha
251, activism, 350
157, accounting, WebCPAtweets
157, accounting, RebeccaTervoCPA
157, accounting, VirtualCpaLisa
221, chemistry, seibe10
17, dance, official_tWitch
17, dance, kingofkrump
17, dance, AlexdWong
17, dance, mKiK808
17, dance, Billy_Bell
17, dance, DANCEonFOX
17, dance, Allisonholker
17, dance, brianfriedman
17, dance, JONATHANLEGACY
17, dance, ADEEVERYDAY
17, dance, Ellenore
17, dance, BenjiSchwimmer
17, dance, KathrynrMcc
17, dance, laurenfrodie
17, dance, alohakupono
17, dance, Katee_Shean
17, dance, MollsGrayy
17, dance, KaylaRadomski4
17, dance, I_BrandonBryant
17, dance, jakobakarr
17, dance, catdeeley
17, dance, RJRoldan
17, dance, iamboomkack
17, dance, JManrara
17, dance, sjtookey
17, dance, CourtneyGaliano
17, dance, Joshu_Allen
17, dance, Kent_Boyd
17, dance, ComfortIVREAL
17, dance, NickLazzarini
17, dance, msdebbieallen
167, hospitality, HospitalityWN
167, hospitality, GuestPulse
167, hospitality, GuestReferrals
145, wedding, ecobeautiful
145, wedding, wedding_network
145, wedding, carleyroney
145, wedding, myweddingideas
145, wedding, grace_ormonde
145, wedding, DavidTutera
145, wedding, wedding_shoppe
164, dating, MattandTamsen
111, football, Nanas08
82, guitar, ZakkWyldeBLS
82, guitar, JPetrucci
82, guitar, JBONAMASSA
82, guitar, FenderGBI
82, guitar, MartinGuitar
82, guitar, VOXamps
82, guitar, DiMarzioInc
82, guitar, EHX
82, guitar, Richie_Kotzen
82, guitar, SuhrCustom
82, guitar, MarshallAmps
82, guitar, Ibanez_USA
82, guitar, thepedalnerd
82, guitar, tommyemmanuel
82, guitar, GibsonGuitarUK
82, guitar, orianthi
82, guitar, tmorello
82, guitar, 300guitars
82, guitar, greghoweguitar
82, guitar, Daddariostrings
82, guitar, GretschGuitars
82, guitar, guitaredge
82, guitar, parkerguitar
82, guitar, ElixirStrings
82, guitar, DaveMustaine
82, guitar, Gtrintlmag
82, guitar, PRSGuitar
82, guitar, Cort_Guitars
82, guitar, FernandesUSA
82, guitar, GodinGuitars
82, guitar, funguitarpickin
82, guitar, EMG_PICKUPS
469, shopping, Borders
165, healthcare, USATYourLife
27, outdoors, BearGrylls
27, outdoors, PacificNPS
27, outdoors, CampingGearTV
27, outdoors, Polartec
27, outdoors, forestservice
27, outdoors, OutdoorNation
27, outdoors, THEYosemiteBlog
27, outdoors, OhRanger
27, outdoors, NatGeoTraveler
27, outdoors, SeattleBackpack
27, outdoors, WTA_hikers
27, outdoors, Big_Agnes
27, outdoors, YellowstoneNPS
178, sailing, BMWORACLE2010
178, sailing, valenciasailing
159, astrology, TonyVowles
159, astrology, adastrology
159, astrology, darkastr
159, astrology, cuspects
44, anime, sankakucomplex
44, anime, NY_Anime_Fest
44, anime, animecentral
44, anime, digitalmanga
44, anime, SentaiFilmworks
44, anime, Quotes_Anime
44, anime, aniplexUSA
44, anime, CMXmanga
44, anime, madoka_magica
44, anime, mangastream
44, anime, animeevolution
44, anime, Vertical_Ed
44, anime, animepro
44, anime, hosodamamoru
44, anime, Otakon
44, anime, kyonkun
44, anime, comic_natalie
44, anime, cowboybibimbop
44, anime, predederva
44, anime, animefriends
44, anime, animebuzz
44, anime, AnimeOnLunch
44, anime, Naruto_News
44, anime, johnnyyongbosch
44, anime, andrea_chii
44, anime, Emiryun
44, anime, AngelTouchPlus
44, anime, ANN_Bamboo
44, anime, FUNiChan
31, gardening, VeggieGardens
31, gardening, gardeningguru
31, gardening, BG_garden
31, gardening, gardeningtricks
31, gardening, GW_com
31, gardening, ogmag
31, gardening, margaretroach
31, gardening, OurLittleAcre
31, gardening, kissmyaster
31, gardening, heavy_petal
31, gardening, Garden_Expert
31, gardening, TeleGardening
31, gardening, HelenYoest
31, gardening, kewgardens
31, gardening, myfolia
31, gardening, GardenDesignMag
31, gardening, GardenWow
31, gardening, notsogreenthumb
31, gardening, cbGardening
31, gardening, gardennetwork
31, gardening, GardenWiseInc
31, gardening, hortweek
31, gardening, punkrockgardens
31, gardening, gardenwise
31, gardening, GardenMag
31, gardening, cityslipper
31, gardening, dobbiesdotcom
31, gardening, AnniesAnnuals
31, gardening, veggiegarden1
137, branding, SpiroDavis
137, branding, ChareeKlimek
137, branding, ibranding
137, branding, CristianSaracco
137, branding, lucasmelb
137, branding, BridgetAyers
137, branding, joegreenz
543, composer, rogerzare
315, multimedia, usatinteractive
181, trading, bigmovingstock
181, trading, FouStockPicks
46, php, CodeIgniter
46, php, phpmagazin
46, php, phpa
46, php, zendcasts
46, php, cakephp
46, php, PHPClassesEarly
46, php, WebinarsatZend
46, php, PHPWomen
46, php, manuelp
46, php, afup
