URL,Category,Id,Name,Keywords
http://twitter.com/nikonstuff,Main &#187; Electronics &#187; Consumer Electronics &#187; Cameras &#187; Nikon,2587,nikonstuff,Electronics;Consumer Electronics;Cameras;Nikon
http://twitter.com/freewings_jp,Main &#187; Electronics &#187; Consumer Electronics &#187; Cameras &#187; Nikon,2587,freewings_jp,Electronics;Consumer Electronics;Cameras;Nikon
http://twitter.com/MattGeorge,Main &#187; Electronics &#187; Consumer Electronics &#187; Cameras &#187; Nikon,2587,MattGeorge,Electronics;Consumer Electronics;Cameras;Nikon
http://twitter.com/nikonrumors,Main &#187; Electronics &#187; Consumer Electronics &#187; Cameras &#187; Nikon,2587,nikonrumors,Electronics;Consumer Electronics;Cameras;Nikon
http://twitter.com/BlogInTheBag,Main &#187; Electronics &#187; Consumer Electronics &#187; Cameras &#187; Nikon,2587,BlogInTheBag,Electronics;Consumer Electronics;Cameras;Nikon
http://twitter.com/Nikon_Photo,Main &#187; Electronics &#187; Consumer Electronics &#187; Cameras &#187; Nikon,2587,Nikon_Photo,Electronics;Consumer Electronics;Cameras;Nikon
http://twitter.com/Nikon_USA,Main &#187; Electronics &#187; Consumer Electronics &#187; Cameras &#187; Nikon,2587,Nikon_USA,Electronics;Consumer Electronics;Cameras;Nikon
http://twitter.com/TechPatio,Main &#187; Electronics &#187; Consumer Electronics &#187; Cameras &#187; Nikon,2587,TechPatio,Electronics;Consumer Electronics;Cameras;Nikon
http://twitter.com/mmstud,Main &#187; Electronics &#187; Consumer Electronics &#187; Cameras &#187; Nikon,2587,mmstud,Electronics;Consumer Electronics;Cameras;Nikon
http://twitter.com/WILLIAMMIERO,Main &#187; Electronics &#187; Consumer Electronics &#187; Cameras &#187; Nikon,2587,WILLIAMMIERO,Electronics;Consumer Electronics;Cameras;Nikon
http://twitter.com/GodPar,Main &#187; Electronics &#187; Consumer Electronics &#187; Cameras &#187; Nikon,2587,GodPar,Electronics;Consumer Electronics;Cameras;Nikon
http://twitter.com/MarkoManninen,Main &#187; Electronics &#187; Consumer Electronics &#187; Cameras &#187; Nikon,2587,MarkoManninen,Electronics;Consumer Electronics;Cameras;Nikon
http://twitter.com/ahuuha,Main &#187; Electronics &#187; Consumer Electronics &#187; Cameras &#187; Nikon,2587,ahuuha,Electronics;Consumer Electronics;Cameras;Nikon
http://twitter.com/NikonPro,Main &#187; Electronics &#187; Consumer Electronics &#187; Cameras &#187; Nikon,2587,NikonPro,Electronics;Consumer Electronics;Cameras;Nikon
http://twitter.com/nikonfestival,Main &#187; Electronics &#187; Consumer Electronics &#187; Cameras &#187; Nikon,2587,nikonfestival,Electronics;Consumer Electronics;Cameras;Nikon
http://twitter.com/kohiniku,Main &#187; Electronics &#187; Consumer Electronics &#187; Cameras &#187; Nikon,2587,kohiniku,Electronics;Consumer Electronics;Cameras;Nikon
http://twitter.com/Marci_A_Aurila,Main &#187; Electronics &#187; Consumer Electronics &#187; Cameras &#187; Nikon,2587,Marci_A_Aurila,Electronics;Consumer Electronics;Cameras;Nikon
http://twitter.com/dtcarter17,Main &#187; Electronics &#187; Consumer Electronics &#187; Cameras &#187; Nikon,2587,dtcarter17,Electronics;Consumer Electronics;Cameras;Nikon
http://twitter.com/REDBOY_K,Main &#187; Electronics &#187; Consumer Electronics &#187; Cameras &#187; Nikon,2587,REDBOY_K,Electronics;Consumer Electronics;Cameras;Nikon
http://twitter.com/smokeymonkey,Main &#187; Electronics &#187; Consumer Electronics &#187; Cameras &#187; Nikon,2587,smokeymonkey,Electronics;Consumer Electronics;Cameras;Nikon
http://twitter.com/BenSpark,Main &#187; Electronics &#187; Consumer Electronics &#187; Cameras &#187; Nikon,2587,BenSpark,Electronics;Consumer Electronics;Cameras;Nikon
http://twitter.com/ezotoma,Main &#187; Electronics &#187; Consumer Electronics &#187; Cameras &#187; Nikon,2587,ezotoma,Electronics;Consumer Electronics;Cameras;Nikon
http://twitter.com/nikon_slr,Main &#187; Electronics &#187; Consumer Electronics &#187; Cameras &#187; Nikon,2587,nikon_slr,Electronics;Consumer Electronics;Cameras;Nikon
http://twitter.com/fjun1489,Main &#187; Electronics &#187; Consumer Electronics &#187; Cameras &#187; Nikon,2587,fjun1489,Electronics;Consumer Electronics;Cameras;Nikon
http://twitter.com/nikonnews,Main &#187; Electronics &#187; Consumer Electronics &#187; Cameras &#187; Nikon,2587,nikonnews,Electronics;Consumer Electronics;Cameras;Nikon
http://twitter.com/csswook,Main &#187; Electronics &#187; Consumer Electronics &#187; Cameras &#187; Nikon,2587,csswook,Electronics;Consumer Electronics;Cameras;Nikon
http://twitter.com/Earl52,Main &#187; Electronics &#187; Consumer Electronics &#187; Cameras &#187; Nikon,2587,Earl52,Electronics;Consumer Electronics;Cameras;Nikon
http://twitter.com/izeny,Main &#187; Electronics &#187; Consumer Electronics &#187; Cameras &#187; Nikon,2587,izeny,Electronics;Consumer Electronics;Cameras;Nikon
http://twitter.com/Kayla,Main &#187; Electronics &#187; Consumer Electronics &#187; Cameras &#187; Nikon,2587,Kayla,Electronics;Consumer Electronics;Cameras;Nikon
http://twitter.com/ChicMom,Main &#187; Electronics &#187; Consumer Electronics &#187; Cameras &#187; Nikon,2587,ChicMom,Electronics;Consumer Electronics;Cameras;Nikon
http://twitter.com/Tarunvijay,Main &#187; Electronics &#187; Consumer Electronics &#187; Cameras &#187; Nikon,2587,Tarunvijay,Electronics;Consumer Electronics;Cameras;Nikon
http://twitter.com/yuta91426,Main &#187; Electronics &#187; Consumer Electronics &#187; Cameras &#187; Nikon,2587,yuta91426,Electronics;Consumer Electronics;Cameras;Nikon
http://twitter.com/EyesLog,Main &#187; Electronics &#187; Consumer Electronics &#187; Cameras &#187; Nikon,2587,EyesLog,Electronics;Consumer Electronics;Cameras;Nikon
http://twitter.com/zygod,Main &#187; Electronics &#187; Consumer Electronics &#187; Cameras &#187; Nikon,2587,zygod,Electronics;Consumer Electronics;Cameras;Nikon
http://twitter.com/cho_co,Main &#187; Electronics &#187; Consumer Electronics &#187; Cameras &#187; Nikon,2587,cho_co,Electronics;Consumer Electronics;Cameras;Nikon
http://twitter.com/mariapie,Main &#187; Electronics &#187; Consumer Electronics &#187; Cameras &#187; Nikon,2587,mariapie,Electronics;Consumer Electronics;Cameras;Nikon
http://twitter.com/ohyeonwoo,Main &#187; Electronics &#187; Consumer Electronics &#187; Cameras &#187; Nikon,2587,ohyeonwoo,Electronics;Consumer Electronics;Cameras;Nikon
http://twitter.com/wine296,Main &#187; Electronics &#187; Consumer Electronics &#187; Cameras &#187; Nikon,2587,wine296,Electronics;Consumer Electronics;Cameras;Nikon
http://twitter.com/100422,Main &#187; Electronics &#187; Consumer Electronics &#187; Cameras &#187; Nikon,2587,100422,Electronics;Consumer Electronics;Cameras;Nikon
http://twitter.com/DageoTravelBlog,Main &#187; Electronics &#187; Consumer Electronics &#187; Cameras &#187; Nikon,2587,DageoTravelBlog,Electronics;Consumer Electronics;Cameras;Nikon
http://twitter.com/Darcy1968,Main &#187; Electronics &#187; Consumer Electronics &#187; Cameras &#187; Nikon,2587,Darcy1968,Electronics;Consumer Electronics;Cameras;Nikon
http://twitter.com/pArkdruMs,Main &#187; Electronics &#187; Consumer Electronics &#187; Cameras &#187; Nikon,2587,pArkdruMs,Electronics;Consumer Electronics;Cameras;Nikon
http://twitter.com/my3boybarians,Main &#187; Electronics &#187; Consumer Electronics &#187; Cameras &#187; Nikon,2587,my3boybarians,Electronics;Consumer Electronics;Cameras;Nikon
http://twitter.com/nikonlovers,Main &#187; Electronics &#187; Consumer Electronics &#187; Cameras &#187; Nikon,2587,nikonlovers,Electronics;Consumer Electronics;Cameras;Nikon
http://twitter.com/MeghanTucker,Main &#187; Electronics &#187; Consumer Electronics &#187; Cameras &#187; Nikon,2587,MeghanTucker,Electronics;Consumer Electronics;Cameras;Nikon
http://twitter.com/icha_a,Main &#187; Electronics &#187; Consumer Electronics &#187; Cameras &#187; Nikon,2587,icha_a,Electronics;Consumer Electronics;Cameras;Nikon
http://twitter.com/kenhoshino,Main &#187; Electronics &#187; Consumer Electronics &#187; Cameras &#187; Nikon,2587,kenhoshino,Electronics;Consumer Electronics;Cameras;Nikon
http://twitter.com/0smileface0,Main &#187; Electronics &#187; Consumer Electronics &#187; Cameras &#187; Nikon,2587,0smileface0,Electronics;Consumer Electronics;Cameras;Nikon
http://twitter.com/ReloMary,Main &#187; Electronics &#187; Consumer Electronics &#187; Cameras &#187; Nikon,2587,ReloMary,Electronics;Consumer Electronics;Cameras;Nikon
http://twitter.com/DawnMHSH,Main &#187; Electronics &#187; Consumer Electronics &#187; Cameras &#187; Nikon,2587,DawnMHSH,Electronics;Consumer Electronics;Cameras;Nikon
http://twitter.com/heitorlimaa,Main &#187; Electronics &#187; Consumer Electronics &#187; Cameras &#187; Nikon,2587,heitorlimaa,Electronics;Consumer Electronics;Cameras;Nikon
http://twitter.com/rockinelle,Main &#187; Electronics &#187; Consumer Electronics &#187; Cameras &#187; Nikon,2587,rockinelle,Electronics;Consumer Electronics;Cameras;Nikon
http://twitter.com/Endorphin999,Main &#187; Electronics &#187; Consumer Electronics &#187; Cameras &#187; Nikon,2587,Endorphin999,Electronics;Consumer Electronics;Cameras;Nikon
http://twitter.com/kkwaks,Main &#187; Electronics &#187; Consumer Electronics &#187; Cameras &#187; Nikon,2587,kkwaks,Electronics;Consumer Electronics;Cameras;Nikon
http://twitter.com/Titania_Aelita,Main &#187; Electronics &#187; Consumer Electronics &#187; Cameras &#187; Nikon,2587,Titania_Aelita,Electronics;Consumer Electronics;Cameras;Nikon
http://twitter.com/mib1254,Main &#187; Electronics &#187; Consumer Electronics &#187; Cameras &#187; Nikon,2587,mib1254,Electronics;Consumer Electronics;Cameras;Nikon
http://twitter.com/NikonPassion,Main &#187; Electronics &#187; Consumer Electronics &#187; Cameras &#187; Nikon,2587,NikonPassion,Electronics;Consumer Electronics;Cameras;Nikon
http://twitter.com/kinokomilk,Main &#187; Electronics &#187; Consumer Electronics &#187; Cameras &#187; Nikon,2587,kinokomilk,Electronics;Consumer Electronics;Cameras;Nikon
http://twitter.com/Larryphoto,Main &#187; Electronics &#187; Consumer Electronics &#187; Cameras &#187; Nikon,2587,Larryphoto,Electronics;Consumer Electronics;Cameras;Nikon
http://twitter.com/motoki0,Main &#187; Electronics &#187; Consumer Electronics &#187; Cameras &#187; Nikon,2587,motoki0,Electronics;Consumer Electronics;Cameras;Nikon
http://twitter.com/sasimi84,Main &#187; Electronics &#187; Consumer Electronics &#187; Cameras &#187; Nikon,2587,sasimi84,Electronics;Consumer Electronics;Cameras;Nikon
http://twitter.com/timelapsehq,Main &#187; Electronics &#187; Consumer Electronics &#187; Cameras &#187; Nikon,2587,timelapsehq,Electronics;Consumer Electronics;Cameras;Nikon
http://twitter.com/iamJessicaMae,Main &#187; Electronics &#187; Consumer Electronics &#187; Cameras &#187; Nikon,2587,iamJessicaMae,Electronics;Consumer Electronics;Cameras;Nikon
http://twitter.com/NikonCoolpix,Main &#187; Electronics &#187; Consumer Electronics &#187; Cameras &#187; Nikon,2587,NikonCoolpix,Electronics;Consumer Electronics;Cameras;Nikon
http://twitter.com/hibiki_kurumi,Main &#187; Electronics &#187; Consumer Electronics &#187; Cameras &#187; Nikon,2587,hibiki_kurumi,Electronics;Consumer Electronics;Cameras;Nikon
http://twitter.com/zeroTicket,Main &#187; Electronics &#187; Consumer Electronics &#187; Cameras &#187; Nikon,2587,zeroTicket,Electronics;Consumer Electronics;Cameras;Nikon
http://twitter.com/shutterblog,Main &#187; Electronics &#187; Consumer Electronics &#187; Cameras &#187; Nikon,2587,shutterblog,Electronics;Consumer Electronics;Cameras;Nikon
http://twitter.com/bearzip,Main &#187; Electronics &#187; Consumer Electronics &#187; Cameras &#187; Nikon,2587,bearzip,Electronics;Consumer Electronics;Cameras;Nikon
http://twitter.com/hyukjinkim,Main &#187; Electronics &#187; Consumer Electronics &#187; Cameras &#187; Nikon,2587,hyukjinkim,Electronics;Consumer Electronics;Cameras;Nikon
http://twitter.com/ddu200,Main &#187; Electronics &#187; Consumer Electronics &#187; Cameras &#187; Nikon,2587,ddu200,Electronics;Consumer Electronics;Cameras;Nikon
http://twitter.com/kensingt0n,Main &#187; Electronics &#187; Consumer Electronics &#187; Cameras &#187; Nikon,2587,kensingt0n,Electronics;Consumer Electronics;Cameras;Nikon
http://twitter.com/seoncha,Main &#187; Electronics &#187; Consumer Electronics &#187; Cameras &#187; Nikon,2587,seoncha,Electronics;Consumer Electronics;Cameras;Nikon
http://twitter.com/nikon_photo_guy,Main &#187; Electronics &#187; Consumer Electronics &#187; Cameras &#187; Nikon,2587,nikon_photo_guy,Electronics;Consumer Electronics;Cameras;Nikon
http://twitter.com/twuttevaer,Main &#187; Electronics &#187; Consumer Electronics &#187; Cameras &#187; Nikon,2587,twuttevaer,Electronics;Consumer Electronics;Cameras;Nikon
http://twitter.com/Takai_Shoichi,Main &#187; Electronics &#187; Consumer Electronics &#187; Cameras &#187; Nikon,2587,Takai_Shoichi,Electronics;Consumer Electronics;Cameras;Nikon
http://twitter.com/nikonestore,Main &#187; Electronics &#187; Consumer Electronics &#187; Cameras &#187; Nikon,2587,nikonestore,Electronics;Consumer Electronics;Cameras;Nikon
http://twitter.com/NadineBurzler,Main &#187; Electronics &#187; Consumer Electronics &#187; Cameras &#187; Nikon,2587,NadineBurzler,Electronics;Consumer Electronics;Cameras;Nikon
http://twitter.com/duldinger,Main &#187; Electronics &#187; Consumer Electronics &#187; Cameras &#187; Nikon,2587,duldinger,Electronics;Consumer Electronics;Cameras;Nikon
http://twitter.com/ChriSxJetson,Main &#187; Electronics &#187; Consumer Electronics &#187; Cameras &#187; Nikon,2587,ChriSxJetson,Electronics;Consumer Electronics;Cameras;Nikon
http://twitter.com/evr,Main &#187; Electronics &#187; Consumer Electronics &#187; Cameras &#187; Nikon,2587,evr,Electronics;Consumer Electronics;Cameras;Nikon
http://twitter.com/illbeyourman,Main &#187; Electronics &#187; Consumer Electronics &#187; Cameras &#187; Nikon,2587,illbeyourman,Electronics;Consumer Electronics;Cameras;Nikon
http://twitter.com/matumax,Main &#187; Electronics &#187; Consumer Electronics &#187; Cameras &#187; Nikon,2587,matumax,Electronics;Consumer Electronics;Cameras;Nikon
http://twitter.com/LunathystDesign,Main &#187; Electronics &#187; Consumer Electronics &#187; Cameras &#187; Nikon,2587,LunathystDesign,Electronics;Consumer Electronics;Cameras;Nikon
http://twitter.com/hugnose,Main &#187; Electronics &#187; Consumer Electronics &#187; Cameras &#187; Nikon,2587,hugnose,Electronics;Consumer Electronics;Cameras;Nikon
http://twitter.com/kzakza,Main &#187; Electronics &#187; Consumer Electronics &#187; Cameras &#187; Nikon,2587,kzakza,Electronics;Consumer Electronics;Cameras;Nikon
http://twitter.com/MarcDubach,Main &#187; Electronics &#187; Consumer Electronics &#187; Cameras &#187; Nikon,2587,MarcDubach,Electronics;Consumer Electronics;Cameras;Nikon
http://twitter.com/som4god,Main &#187; Electronics &#187; Consumer Electronics &#187; Cameras &#187; Nikon,2587,som4god,Electronics;Consumer Electronics;Cameras;Nikon
http://twitter.com/LensProToGo,Main &#187; Electronics &#187; Consumer Electronics &#187; Cameras &#187; Nikon,2587,LensProToGo,Electronics;Consumer Electronics;Cameras;Nikon
http://twitter.com/Dave_Run,Main &#187; Electronics &#187; Consumer Electronics &#187; Cameras &#187; Nikon,2587,Dave_Run,Electronics;Consumer Electronics;Cameras;Nikon
http://twitter.com/whtapple,Main &#187; Electronics &#187; Consumer Electronics &#187; Cameras &#187; Nikon,2587,whtapple,Electronics;Consumer Electronics;Cameras;Nikon
http://twitter.com/kbtimages,Main &#187; Electronics &#187; Consumer Electronics &#187; Cameras &#187; Nikon,2587,kbtimages,Electronics;Consumer Electronics;Cameras;Nikon
http://twitter.com/MyNikonLover,Main &#187; Electronics &#187; Consumer Electronics &#187; Cameras &#187; Nikon,2587,MyNikonLover,Electronics;Consumer Electronics;Cameras;Nikon
http://twitter.com/mirakui,Main &#187; Electronics &#187; Consumer Electronics &#187; Cameras &#187; Nikon,2587,mirakui,Electronics;Consumer Electronics;Cameras;Nikon
http://twitter.com/DaeWon_Kim,Main &#187; Electronics &#187; Consumer Electronics &#187; Cameras &#187; Nikon,2587,DaeWon_Kim,Electronics;Consumer Electronics;Cameras;Nikon
http://twitter.com/eclecticwhatnot,Main &#187; Electronics &#187; Consumer Electronics &#187; Cameras &#187; Nikon,2587,eclecticwhatnot,Electronics;Consumer Electronics;Cameras;Nikon
http://twitter.com/Dohyuckk,Main &#187; Electronics &#187; Consumer Electronics &#187; Cameras &#187; Nikon,2587,Dohyuckk,Electronics;Consumer Electronics;Cameras;Nikon
http://twitter.com/tendersoft81,Main &#187; Electronics &#187; Consumer Electronics &#187; Cameras &#187; Nikon,2587,tendersoft81,Electronics;Consumer Electronics;Cameras;Nikon
http://twitter.com/DayTripperz,Main &#187; Electronics &#187; Consumer Electronics &#187; Cameras &#187; Nikon,2587,DayTripperz,Electronics;Consumer Electronics;Cameras;Nikon
http://twitter.com/KameraDeals_DE,Main &#187; Electronics &#187; Consumer Electronics &#187; Cameras &#187; Nikon,2587,KameraDeals_DE,Electronics;Consumer Electronics;Cameras;Nikon
http://twitter.com/Livsfoto,Main &#187; Electronics &#187; Consumer Electronics &#187; Cameras &#187; Nikon,2587,Livsfoto,Electronics;Consumer Electronics;Cameras;Nikon
http://twitter.com/nlxon2,Main &#187; Electronics &#187; Consumer Electronics &#187; Cameras &#187; Pentax,2588,nlxon2,Electronics;Consumer Electronics;Cameras;Pentax
http://twitter.com/PENTAXDACH,Main &#187; Electronics &#187; Consumer Electronics &#187; Cameras &#187; Pentax,2588,PENTAXDACH,Electronics;Consumer Electronics;Cameras;Pentax
http://twitter.com/Isaac_Choi,Main &#187; Electronics &#187; Consumer Electronics &#187; Cameras &#187; Pentax,2588,Isaac_Choi,Electronics;Consumer Electronics;Cameras;Pentax
http://twitter.com/live0704,Main &#187; Electronics &#187; Consumer Electronics &#187; Cameras &#187; Pentax,2588,live0704,Electronics;Consumer Electronics;Cameras;Pentax
http://twitter.com/openmijin,Main &#187; Electronics &#187; Consumer Electronics &#187; Cameras &#187; Pentax,2588,openmijin,Electronics;Consumer Electronics;Cameras;Pentax
http://twitter.com/aflash10,Main &#187; Electronics &#187; Consumer Electronics &#187; Cameras &#187; Pentax,2588,aflash10,Electronics;Consumer Electronics;Cameras;Pentax
http://twitter.com/MelonAB,Main &#187; Electronics &#187; Consumer Electronics &#187; Cameras &#187; Pentax,2588,MelonAB,Electronics;Consumer Electronics;Cameras;Pentax
http://twitter.com/nubobo,Main &#187; Electronics &#187; Consumer Electronics &#187; Cameras &#187; Pentax,2588,nubobo,Electronics;Consumer Electronics;Cameras;Pentax
http://twitter.com/kitchen_chu,Main &#187; Electronics &#187; Consumer Electronics &#187; Cameras &#187; Pentax,2588,kitchen_chu,Electronics;Consumer Electronics;Cameras;Pentax
http://twitter.com/bandoche,Main &#187; Electronics &#187; Consumer Electronics &#187; Cameras &#187; Pentax,2588,bandoche,Electronics;Consumer Electronics;Cameras;Pentax
http://twitter.com/dalparan,Main &#187; Electronics &#187; Consumer Electronics &#187; Cameras &#187; Pentax,2588,dalparan,Electronics;Consumer Electronics;Cameras;Pentax
http://twitter.com/pentaxusers,Main &#187; Electronics &#187; Consumer Electronics &#187; Cameras &#187; Pentax,2588,pentaxusers,Electronics;Consumer Electronics;Cameras;Pentax
http://twitter.com/nuno1008,Main &#187; Electronics &#187; Consumer Electronics &#187; Cameras &#187; Pentax,2588,nuno1008,Electronics;Consumer Electronics;Cameras;Pentax
http://twitter.com/WONILBAE,Main &#187; Electronics &#187; Consumer Electronics &#187; Cameras &#187; Pentax,2588,WONILBAE,Electronics;Consumer Electronics;Cameras;Pentax
http://twitter.com/jyl1999,Main &#187; Electronics &#187; Consumer Electronics &#187; Cameras &#187; Pentax,2588,jyl1999,Electronics;Consumer Electronics;Cameras;Pentax
http://twitter.com/REDcoeur,Main &#187; Electronics &#187; Consumer Electronics &#187; Cameras &#187; Pentax,2588,REDcoeur,Electronics;Consumer Electronics;Cameras;Pentax
http://twitter.com/DDinGTR,Main &#187; Electronics &#187; Consumer Electronics &#187; Cameras &#187; Pentax,2588,DDinGTR,Electronics;Consumer Electronics;Cameras;Pentax
http://twitter.com/moggozy,Main &#187; Electronics &#187; Consumer Electronics &#187; Cameras &#187; Pentax,2588,moggozy,Electronics;Consumer Electronics;Cameras;Pentax
http://twitter.com/SangOGi,Main &#187; Electronics &#187; Consumer Electronics &#187; Cameras &#187; Pentax,2588,SangOGi,Electronics;Consumer Electronics;Cameras;Pentax
http://twitter.com/Bambeat,Main &#187; Electronics &#187; Consumer Electronics &#187; Cameras &#187; Pentax,2588,Bambeat,Electronics;Consumer Electronics;Cameras;Pentax
http://twitter.com/yurivaram,Main &#187; Electronics &#187; Consumer Electronics &#187; Cameras &#187; Pentax,2588,yurivaram,Electronics;Consumer Electronics;Cameras;Pentax
http://twitter.com/leicafanboy,Main &#187; Electronics &#187; Consumer Electronics &#187; Cameras &#187; Pentax,2588,leicafanboy,Electronics;Consumer Electronics;Cameras;Pentax
http://twitter.com/Dmaniax,Main &#187; Electronics &#187; Consumer Electronics &#187; Cameras &#187; Pentax,2588,Dmaniax,Electronics;Consumer Electronics;Cameras;Pentax
http://twitter.com/katsun55,Main &#187; Electronics &#187; Consumer Electronics &#187; Cameras &#187; Pentax,2588,katsun55,Electronics;Consumer Electronics;Cameras;Pentax
http://twitter.com/yuridike,Main &#187; Electronics &#187; Consumer Electronics &#187; Cameras &#187; Pentax,2588,yuridike,Electronics;Consumer Electronics;Cameras;Pentax
http://twitter.com/seohyungwon,Main &#187; Electronics &#187; Consumer Electronics &#187; Cameras &#187; Pentax,2588,seohyungwon,Electronics;Consumer Electronics;Cameras;Pentax
http://twitter.com/satoc,Main &#187; Electronics &#187; Consumer Electronics &#187; Cameras &#187; Pentax,2588,satoc,Electronics;Consumer Electronics;Cameras;Pentax
http://twitter.com/Ysphoto,Main &#187; Electronics &#187; Consumer Electronics &#187; Cameras &#187; Pentax,2588,Ysphoto,Electronics;Consumer Electronics;Cameras;Pentax
http://twitter.com/seibouz,Main &#187; Electronics &#187; Consumer Electronics &#187; Cameras &#187; Pentax,2588,seibouz,Electronics;Consumer Electronics;Cameras;Pentax
http://twitter.com/Caroline_jin,Main &#187; Electronics &#187; Consumer Electronics &#187; Cameras &#187; Pentax,2588,Caroline_jin,Electronics;Consumer Electronics;Cameras;Pentax
http://twitter.com/sin4woo,Main &#187; Electronics &#187; Consumer Electronics &#187; Cameras &#187; Pentax,2588,sin4woo,Electronics;Consumer Electronics;Cameras;Pentax
http://twitter.com/pb10005,Main &#187; Electronics &#187; Consumer Electronics &#187; Cameras &#187; Pentax,2588,pb10005,Electronics;Consumer Electronics;Cameras;Pentax
http://twitter.com/lioxa,Main &#187; Electronics &#187; Consumer Electronics &#187; Cameras &#187; Pentax,2588,lioxa,Electronics;Consumer Electronics;Cameras;Pentax
http://twitter.com/acave,Main &#187; Electronics &#187; Consumer Electronics &#187; Cameras &#187; Pentax,2588,acave,Electronics;Consumer Electronics;Cameras;Pentax
http://twitter.com/bannie212,Main &#187; Electronics &#187; Consumer Electronics &#187; Cameras &#187; Pentax,2588,bannie212,Electronics;Consumer Electronics;Cameras;Pentax
http://twitter.com/ssy0ng,Main &#187; Electronics &#187; Consumer Electronics &#187; Cameras &#187; Pentax,2588,ssy0ng,Electronics;Consumer Electronics;Cameras;Pentax
http://twitter.com/sugi69,Main &#187; Electronics &#187; Consumer Electronics &#187; Cameras &#187; Pentax,2588,sugi69,Electronics;Consumer Electronics;Cameras;Pentax
http://twitter.com/jeonghun7,Main &#187; Electronics &#187; Consumer Electronics &#187; Cameras &#187; Pentax,2588,jeonghun7,Electronics;Consumer Electronics;Cameras;Pentax
http://twitter.com/NEOspriggans,Main &#187; Electronics &#187; Consumer Electronics &#187; Cameras &#187; Pentax,2588,NEOspriggans,Electronics;Consumer Electronics;Cameras;Pentax
http://twitter.com/josieht,Main &#187; Electronics &#187; Consumer Electronics &#187; Cameras &#187; Pentax,2588,josieht,Electronics;Consumer Electronics;Cameras;Pentax
http://twitter.com/gosoost,Main &#187; Electronics &#187; Consumer Electronics &#187; Cameras &#187; Pentax,2588,gosoost,Electronics;Consumer Electronics;Cameras;Pentax
http://twitter.com/mmoorish,Main &#187; Electronics &#187; Consumer Electronics &#187; Cameras &#187; Pentax,2588,mmoorish,Electronics;Consumer Electronics;Cameras;Pentax
http://twitter.com/pure_wolf,Main &#187; Electronics &#187; Consumer Electronics &#187; Cameras &#187; Pentax,2588,pure_wolf,Electronics;Consumer Electronics;Cameras;Pentax
http://twitter.com/endoscopy,Main &#187; Electronics &#187; Consumer Electronics &#187; Cameras &#187; Pentax,2588,endoscopy,Electronics;Consumer Electronics;Cameras;Pentax
http://twitter.com/ueckmosh,Main &#187; Electronics &#187; Consumer Electronics &#187; Cameras &#187; Pentax,2588,ueckmosh,Electronics;Consumer Electronics;Cameras;Pentax
http://twitter.com/happymily_kr,Main &#187; Electronics &#187; Consumer Electronics &#187; Cameras &#187; Pentax,2588,happymily_kr,Electronics;Consumer Electronics;Cameras;Pentax
http://twitter.com/yongjinkang,Main &#187; Electronics &#187; Consumer Electronics &#187; Cameras &#187; Pentax,2588,yongjinkang,Electronics;Consumer Electronics;Cameras;Pentax
http://twitter.com/lilbukka01,Main &#187; Electronics &#187; Consumer Electronics &#187; Cameras &#187; Pentax,2588,lilbukka01,Electronics;Consumer Electronics;Cameras;Pentax
http://twitter.com/windygarden,Main &#187; Electronics &#187; Consumer Electronics &#187; Cameras &#187; Pentax,2588,windygarden,Electronics;Consumer Electronics;Cameras;Pentax
http://twitter.com/magi1919,Main &#187; Electronics &#187; Consumer Electronics &#187; Cameras &#187; Pentax,2588,magi1919,Electronics;Consumer Electronics;Cameras;Pentax
http://twitter.com/nisus97,Main &#187; Electronics &#187; Consumer Electronics &#187; Cameras &#187; Pentax,2588,nisus97,Electronics;Consumer Electronics;Cameras;Pentax
http://twitter.com/boss_5th,Main &#187; Electronics &#187; Consumer Electronics &#187; Cameras &#187; Pentax,2588,boss_5th,Electronics;Consumer Electronics;Cameras;Pentax
http://twitter.com/wadahidekatsu,Main &#187; Electronics &#187; Consumer Electronics &#187; Cameras &#187; Pentax,2588,wadahidekatsu,Electronics;Consumer Electronics;Cameras;Pentax
http://twitter.com/iamfurao,Main &#187; Electronics &#187; Consumer Electronics &#187; Cameras &#187; Pentax,2588,iamfurao,Electronics;Consumer Electronics;Cameras;Pentax
http://twitter.com/AgPD_Radio,Main &#187; Electronics &#187; Consumer Electronics &#187; Cameras &#187; Pentax,2588,AgPD_Radio,Electronics;Consumer Electronics;Cameras;Pentax
http://twitter.com/Genius57,Main &#187; Electronics &#187; Consumer Electronics &#187; Cameras &#187; Pentax,2588,Genius57,Electronics;Consumer Electronics;Cameras;Pentax
http://twitter.com/N_PULSE,Main &#187; Electronics &#187; Consumer Electronics &#187; Cameras &#187; Pentax,2588,N_PULSE,Electronics;Consumer Electronics;Cameras;Pentax
http://twitter.com/ales_tw,Main &#187; Electronics &#187; Consumer Electronics &#187; Cameras &#187; Pentax,2588,ales_tw,Electronics;Consumer Electronics;Cameras;Pentax
http://twitter.com/briele20,Main &#187; Electronics &#187; Consumer Electronics &#187; Cameras &#187; Pentax,2588,briele20,Electronics;Consumer Electronics;Cameras;Pentax
http://twitter.com/wktk__,Main &#187; Electronics &#187; Consumer Electronics &#187; Cameras &#187; Pentax,2588,wktk__,Electronics;Consumer Electronics;Cameras;Pentax
http://twitter.com/kayakaya,Main &#187; Electronics &#187; Consumer Electronics &#187; Cameras &#187; Pentax,2588,kayakaya,Electronics;Consumer Electronics;Cameras;Pentax
http://twitter.com/syokato1017,Main &#187; Electronics &#187; Consumer Electronics &#187; Cameras &#187; Pentax,2588,syokato1017,Electronics;Consumer Electronics;Cameras;Pentax
http://twitter.com/jin_persona,Main &#187; Electronics &#187; Consumer Electronics &#187; Cameras &#187; Pentax,2588,jin_persona,Electronics;Consumer Electronics;Cameras;Pentax
http://twitter.com/crazyinfree,Main &#187; Electronics &#187; Consumer Electronics &#187; Cameras &#187; Pentax,2588,crazyinfree,Electronics;Consumer Electronics;Cameras;Pentax
http://twitter.com/kiai777,Main &#187; Electronics &#187; Consumer Electronics &#187; Cameras &#187; Pentax,2588,kiai777,Electronics;Consumer Electronics;Cameras;Pentax
http://twitter.com/rurizo,Main &#187; Electronics &#187; Consumer Electronics &#187; Cameras &#187; Pentax,2588,rurizo,Electronics;Consumer Electronics;Cameras;Pentax
http://twitter.com/tmaqua2005,Main &#187; Electronics &#187; Consumer Electronics &#187; Cameras &#187; Pentax,2588,tmaqua2005,Electronics;Consumer Electronics;Cameras;Pentax
http://twitter.com/miuko_,Main &#187; Electronics &#187; Consumer Electronics &#187; Cameras &#187; Pentax,2588,miuko_,Electronics;Consumer Electronics;Cameras;Pentax
http://twitter.com/38_tomo,Main &#187; Electronics &#187; Consumer Electronics &#187; Cameras &#187; Pentax,2588,38_tomo,Electronics;Consumer Electronics;Cameras;Pentax
http://twitter.com/zeark969,Main &#187; Electronics &#187; Consumer Electronics &#187; Cameras &#187; Pentax,2588,zeark969,Electronics;Consumer Electronics;Cameras;Pentax
http://twitter.com/mac_kykim,Main &#187; Electronics &#187; Consumer Electronics &#187; Cameras &#187; Pentax,2588,mac_kykim,Electronics;Consumer Electronics;Cameras;Pentax
http://twitter.com/onewe99,Main &#187; Electronics &#187; Consumer Electronics &#187; Cameras &#187; Pentax,2588,onewe99,Electronics;Consumer Electronics;Cameras;Pentax
http://twitter.com/sephiros07,Main &#187; Electronics &#187; Consumer Electronics &#187; Cameras &#187; Pentax,2588,sephiros07,Electronics;Consumer Electronics;Cameras;Pentax
http://twitter.com/britt_at_RPA,Main &#187; Electronics &#187; Consumer Electronics &#187; Cameras &#187; Pentax,2588,britt_at_RPA,Electronics;Consumer Electronics;Cameras;Pentax
http://twitter.com/kohntobi,Main &#187; Electronics &#187; Consumer Electronics &#187; Cameras &#187; Pentax,2588,kohntobi,Electronics;Consumer Electronics;Cameras;Pentax
http://twitter.com/noja00,Main &#187; Electronics &#187; Consumer Electronics &#187; Cameras &#187; Pentax,2588,noja00,Electronics;Consumer Electronics;Cameras;Pentax
http://twitter.com/enso,Main &#187; Electronics &#187; Consumer Electronics &#187; Cameras &#187; Pentax,2588,enso,Electronics;Consumer Electronics;Cameras;Pentax
http://twitter.com/apple_lomo,Main &#187; Electronics &#187; Consumer Electronics &#187; Cameras &#187; Pentax,2588,apple_lomo,Electronics;Consumer Electronics;Cameras;Pentax
http://twitter.com/luxmandoo,Main &#187; Electronics &#187; Consumer Electronics &#187; Cameras &#187; Pentax,2588,luxmandoo,Electronics;Consumer Electronics;Cameras;Pentax
http://twitter.com/mika810619,Main &#187; Electronics &#187; Consumer Electronics &#187; Cameras &#187; Pentax,2588,mika810619,Electronics;Consumer Electronics;Cameras;Pentax
http://twitter.com/hizkiyah,Main &#187; Electronics &#187; Consumer Electronics &#187; Cameras &#187; Pentax,2588,hizkiyah,Electronics;Consumer Electronics;Cameras;Pentax
http://twitter.com/mist73,Main &#187; Electronics &#187; Consumer Electronics &#187; Cameras &#187; Pentax,2588,mist73,Electronics;Consumer Electronics;Cameras;Pentax
http://twitter.com/sunggn,Main &#187; Electronics &#187; Consumer Electronics &#187; Cameras &#187; Pentax,2588,sunggn,Electronics;Consumer Electronics;Cameras;Pentax
http://twitter.com/0cooper,Main &#187; Electronics &#187; Consumer Electronics &#187; Cameras &#187; Pentax,2588,0cooper,Electronics;Consumer Electronics;Cameras;Pentax
http://twitter.com/TheGreekCat,Main &#187; Electronics &#187; Consumer Electronics &#187; Cameras &#187; Pentax,2588,TheGreekCat,Electronics;Consumer Electronics;Cameras;Pentax
http://twitter.com/_pskim,Main &#187; Electronics &#187; Consumer Electronics &#187; Cameras &#187; Pentax,2588,_pskim,Electronics;Consumer Electronics;Cameras;Pentax
http://twitter.com/penta86x,Main &#187; Electronics &#187; Consumer Electronics &#187; Cameras &#187; Pentax,2588,penta86x,Electronics;Consumer Electronics;Cameras;Pentax
http://twitter.com/fotorental,Main &#187; Electronics &#187; Consumer Electronics &#187; Cameras &#187; Pentax,2588,fotorental,Electronics;Consumer Electronics;Cameras;Pentax
http://twitter.com/fumi___,Main &#187; Electronics &#187; Consumer Electronics &#187; Cameras &#187; Pentax,2588,fumi___,Electronics;Consumer Electronics;Cameras;Pentax
http://twitter.com/tenull,Main &#187; Electronics &#187; Consumer Electronics &#187; Cameras &#187; Pentax,2588,tenull,Electronics;Consumer Electronics;Cameras;Pentax
http://twitter.com/masato0506,Main &#187; Electronics &#187; Consumer Electronics &#187; Cameras &#187; Pentax,2588,masato0506,Electronics;Consumer Electronics;Cameras;Pentax
http://twitter.com/bstory81,Main &#187; Electronics &#187; Consumer Electronics &#187; Cameras &#187; Pentax,2588,bstory81,Electronics;Consumer Electronics;Cameras;Pentax
http://twitter.com/emulcrash,Main &#187; Electronics &#187; Consumer Electronics &#187; Cameras &#187; Pentax,2588,emulcrash,Electronics;Consumer Electronics;Cameras;Pentax
http://twitter.com/inroh,Main &#187; Electronics &#187; Consumer Electronics &#187; Cameras &#187; Pentax,2588,inroh,Electronics;Consumer Electronics;Cameras;Pentax
http://twitter.com/jyatelier,Main &#187; Electronics &#187; Consumer Electronics &#187; Cameras &#187; Pentax,2588,jyatelier,Electronics;Consumer Electronics;Cameras;Pentax
http://twitter.com/mlbs97,Main &#187; Electronics &#187; Consumer Electronics &#187; Cameras &#187; Pentax,2588,mlbs97,Electronics;Consumer Electronics;Cameras;Pentax
http://twitter.com/DEVONCAMERA,Main &#187; Electronics &#187; Consumer Electronics &#187; Cameras &#187; Pentax,2588,DEVONCAMERA,Electronics;Consumer Electronics;Cameras;Pentax
http://twitter.com/coolstarkang,Main &#187; Electronics &#187; Consumer Electronics &#187; Cameras &#187; Pentax,2588,coolstarkang,Electronics;Consumer Electronics;Cameras;Pentax
http://twitter.com/h2corp,Main &#187; Electronics &#187; Consumer Electronics &#187; Cameras &#187; Pentax,2588,h2corp,Electronics;Consumer Electronics;Cameras;Pentax
http://twitter.com/m_rabbit,Main &#187; Electronics &#187; Consumer Electronics &#187; Cameras &#187; Pentax,2588,m_rabbit,Electronics;Consumer Electronics;Cameras;Pentax
http://twitter.com/MattGeorge,Main &#187; Electronics &#187; Consumer Electronics &#187; Cameras &#187; Olympus,2589,MattGeorge,Electronics;Consumer Electronics;Cameras;Olympus
http://twitter.com/camphalfblood,Main &#187; Electronics &#187; Consumer Electronics &#187; Cameras &#187; Olympus,2589,camphalfblood,Electronics;Consumer Electronics;Cameras;Olympus
http://twitter.com/Badanaeuem,Main &#187; Electronics &#187; Consumer Electronics &#187; Cameras &#187; Olympus,2589,Badanaeuem,Electronics;Consumer Electronics;Cameras;Olympus
http://twitter.com/ahuuha,Main &#187; Electronics &#187; Consumer Electronics &#187; Cameras &#187; Olympus,2589,ahuuha,Electronics;Consumer Electronics;Cameras;Olympus
http://twitter.com/ColinAC,Main &#187; Electronics &#187; Consumer Electronics &#187; Cameras &#187; Olympus,2589,ColinAC,Electronics;Consumer Electronics;Cameras;Olympus
http://twitter.com/getolympus,Main &#187; Electronics &#187; Consumer Electronics &#187; Cameras &#187; Olympus,2589,getolympus,Electronics;Consumer Electronics;Cameras;Olympus
http://twitter.com/titanwars,Main &#187; Electronics &#187; Consumer Electronics &#187; Cameras &#187; Olympus,2589,titanwars,Electronics;Consumer Electronics;Cameras;Olympus
http://twitter.com/kbys_,Main &#187; Electronics &#187; Consumer Electronics &#187; Cameras &#187; Olympus,2589,kbys_,Electronics;Consumer Electronics;Cameras;Olympus
http://twitter.com/hanaso_jp,Main &#187; Electronics &#187; Consumer Electronics &#187; Cameras &#187; Olympus,2589,hanaso_jp,Electronics;Consumer Electronics;Cameras;Olympus
http://twitter.com/ShawnyD,Main &#187; Electronics &#187; Consumer Electronics &#187; Cameras &#187; Olympus,2589,ShawnyD,Electronics;Consumer Electronics;Cameras;Olympus
http://twitter.com/Ofertas_CDmidia,Main &#187; Electronics &#187; Consumer Electronics &#187; Cameras &#187; Olympus,2589,Ofertas_CDmidia,Electronics;Consumer Electronics;Cameras;Olympus
http://twitter.com/i4r,Main &#187; Electronics &#187; Consumer Electronics &#187; Cameras &#187; Olympus,2589,i4r,Electronics;Consumer Electronics;Cameras;Olympus
http://twitter.com/marr0528,Main &#187; Electronics &#187; Consumer Electronics &#187; Cameras &#187; Olympus,2589,marr0528,Electronics;Consumer Electronics;Cameras;Olympus
http://twitter.com/Bournesocial,Main &#187; Electronics &#187; Consumer Electronics &#187; Cameras &#187; Olympus,2589,Bournesocial,Electronics;Consumer Electronics;Cameras;Olympus
http://twitter.com/Takai_Shoichi,Main &#187; Electronics &#187; Consumer Electronics &#187; Cameras &#187; Olympus,2589,Takai_Shoichi,Electronics;Consumer Electronics;Cameras;Olympus
http://twitter.com/miiiiyuuuuu,Main &#187; Electronics &#187; Consumer Electronics &#187; Cameras &#187; Olympus,2589,miiiiyuuuuu,Electronics;Consumer Electronics;Cameras;Olympus
http://twitter.com/manieriko,Main &#187; Electronics &#187; Consumer Electronics &#187; Cameras &#187; Olympus,2589,manieriko,Electronics;Consumer Electronics;Cameras;Olympus
http://twitter.com/ta98,Main &#187; Electronics &#187; Consumer Electronics &#187; Cameras &#187; Olympus,2589,ta98,Electronics;Consumer Electronics;Cameras;Olympus
http://twitter.com/kbhan21,Main &#187; Electronics &#187; Consumer Electronics &#187; Cameras &#187; Olympus,2589,kbhan21,Electronics;Consumer Electronics;Cameras;Olympus
http://twitter.com/OlyPhotography,Main &#187; Electronics &#187; Consumer Electronics &#187; Cameras &#187; Olympus,2589,OlyPhotography,Electronics;Consumer Electronics;Cameras;Olympus
http://twitter.com/ChamberEast,Main &#187; Electronics &#187; Consumer Electronics &#187; Cameras &#187; Olympus,2589,ChamberEast,Electronics;Consumer Electronics;Cameras;Olympus
http://twitter.com/thriveyourtribe,Main &#187; Electronics &#187; Consumer Electronics &#187; Cameras &#187; Olympus,2589,thriveyourtribe,Electronics;Consumer Electronics;Cameras;Olympus
http://twitter.com/avcamera_bkk,Main &#187; Electronics &#187; Consumer Electronics &#187; Cameras &#187; Olympus,2589,avcamera_bkk,Electronics;Consumer Electronics;Cameras;Olympus
http://twitter.com/pure_wolf,Main &#187; Electronics &#187; Consumer Electronics &#187; Cameras &#187; Olympus,2589,pure_wolf,Electronics;Consumer Electronics;Cameras;Olympus
http://twitter.com/endoscopy,Main &#187; Electronics &#187; Consumer Electronics &#187; Cameras &#187; Olympus,2589,endoscopy,Electronics;Consumer Electronics;Cameras;Olympus
http://twitter.com/David7841,Main &#187; Electronics &#187; Consumer Electronics &#187; Cameras &#187; Olympus,2589,David7841,Electronics;Consumer Electronics;Cameras;Olympus
http://twitter.com/tehloo,Main &#187; Electronics &#187; Consumer Electronics &#187; Cameras &#187; Olympus,2589,tehloo,Electronics;Consumer Electronics;Cameras;Olympus
http://twitter.com/Robert_Peterson,Main &#187; Electronics &#187; Consumer Electronics &#187; Cameras &#187; Olympus,2589,Robert_Peterson,Electronics;Consumer Electronics;Cameras;Olympus
http://twitter.com/shuarii,Main &#187; Electronics &#187; Consumer Electronics &#187; Cameras &#187; Olympus,2589,shuarii,Electronics;Consumer Electronics;Cameras;Olympus
http://twitter.com/hiroq35,Main &#187; Electronics &#187; Consumer Electronics &#187; Cameras &#187; Olympus,2589,hiroq35,Electronics;Consumer Electronics;Cameras;Olympus
http://twitter.com/harusworld,Main &#187; Electronics &#187; Consumer Electronics &#187; Cameras &#187; Olympus,2589,harusworld,Electronics;Consumer Electronics;Cameras;Olympus
http://twitter.com/nyaongnet,Main &#187; Electronics &#187; Consumer Electronics &#187; Cameras &#187; Olympus,2589,nyaongnet,Electronics;Consumer Electronics;Cameras;Olympus
http://twitter.com/valmente,Main &#187; Electronics &#187; Consumer Electronics &#187; Cameras &#187; Olympus,2589,valmente,Electronics;Consumer Electronics;Cameras;Olympus
http://twitter.com/bati_goal,Main &#187; Electronics &#187; Consumer Electronics &#187; Cameras &#187; Olympus,2589,bati_goal,Electronics;Consumer Electronics;Cameras;Olympus
http://twitter.com/kaiko_alpha,Main &#187; Electronics &#187; Consumer Electronics &#187; Cameras &#187; Olympus,2589,kaiko_alpha,Electronics;Consumer Electronics;Cameras;Olympus
http://twitter.com/olympusbr,Main &#187; Electronics &#187; Consumer Electronics &#187; Cameras &#187; Olympus,2589,olympusbr,Electronics;Consumer Electronics;Cameras;Olympus
http://twitter.com/MercuryInsOpen,Main &#187; Electronics &#187; Consumer Electronics &#187; Cameras &#187; Olympus,2589,MercuryInsOpen,Electronics;Consumer Electronics;Cameras;Olympus
http://twitter.com/Makoto1987,Main &#187; Electronics &#187; Consumer Electronics &#187; Cameras &#187; Olympus,2589,Makoto1987,Electronics;Consumer Electronics;Cameras;Olympus
http://twitter.com/eear_ryouta,Main &#187; Electronics &#187; Consumer Electronics &#187; Cameras &#187; Olympus,2589,eear_ryouta,Electronics;Consumer Electronics;Cameras;Olympus
http://twitter.com/kei_620,Main &#187; Electronics &#187; Consumer Electronics &#187; Cameras &#187; Olympus,2589,kei_620,Electronics;Consumer Electronics;Cameras;Olympus
http://twitter.com/OlympianCamera,Main &#187; Electronics &#187; Consumer Electronics &#187; Cameras &#187; Olympus,2589,OlympianCamera,Electronics;Consumer Electronics;Cameras;Olympus
http://twitter.com/shintake8686,Main &#187; Electronics &#187; Consumer Electronics &#187; Cameras &#187; Olympus,2589,shintake8686,Electronics;Consumer Electronics;Cameras;Olympus
http://twitter.com/gami,Main &#187; Electronics &#187; Consumer Electronics &#187; Cameras &#187; Olympus,2589,gami,Electronics;Consumer Electronics;Cameras;Olympus
http://twitter.com/mikzo,Main &#187; Electronics &#187; Consumer Electronics &#187; Cameras &#187; Olympus,2589,mikzo,Electronics;Consumer Electronics;Cameras;Olympus
http://twitter.com/elausi,Main &#187; Electronics &#187; Consumer Electronics &#187; Cameras &#187; Olympus,2589,elausi,Electronics;Consumer Electronics;Cameras;Olympus
http://twitter.com/jgranseth,Main &#187; Electronics &#187; Consumer Electronics &#187; Cameras &#187; Olympus,2589,jgranseth,Electronics;Consumer Electronics;Cameras;Olympus
http://twitter.com/gswd,Main &#187; Electronics &#187; Consumer Electronics &#187; Cameras &#187; Olympus,2589,gswd,Electronics;Consumer Electronics;Cameras;Olympus
http://twitter.com/chibi_photo,Main &#187; Electronics &#187; Consumer Electronics &#187; Cameras &#187; Olympus,2589,chibi_photo,Electronics;Consumer Electronics;Cameras;Olympus
http://twitter.com/ihyang,Main &#187; Electronics &#187; Consumer Electronics &#187; Cameras &#187; Olympus,2589,ihyang,Electronics;Consumer Electronics;Cameras;Olympus
http://twitter.com/Cross_pp,Main &#187; Electronics &#187; Consumer Electronics &#187; Cameras &#187; Olympus,2589,Cross_pp,Electronics;Consumer Electronics;Cameras;Olympus
http://twitter.com/robertwatcher,Main &#187; Electronics &#187; Consumer Electronics &#187; Cameras &#187; Olympus,2589,robertwatcher,Electronics;Consumer Electronics;Cameras;Olympus
http://twitter.com/CameraBigStore,Main &#187; Electronics &#187; Consumer Electronics &#187; Cameras &#187; Olympus,2589,CameraBigStore,Electronics;Consumer Electronics;Cameras;Olympus
http://twitter.com/tantanmen130,Main &#187; Electronics &#187; Consumer Electronics &#187; Cameras &#187; Olympus,2589,tantanmen130,Electronics;Consumer Electronics;Cameras;Olympus
http://twitter.com/YapperX,Main &#187; Electronics &#187; Consumer Electronics &#187; Cameras &#187; Olympus,2589,YapperX,Electronics;Consumer Electronics;Cameras;Olympus
http://twitter.com/Kumi709,Main &#187; Electronics &#187; Consumer Electronics &#187; Cameras &#187; Olympus,2589,Kumi709,Electronics;Consumer Electronics;Cameras;Olympus
http://twitter.com/mkuga,Main &#187; Electronics &#187; Consumer Electronics &#187; Cameras &#187; Olympus,2589,mkuga,Electronics;Consumer Electronics;Cameras;Olympus
http://twitter.com/o16neon,Main &#187; Electronics &#187; Consumer Electronics &#187; Cameras &#187; Olympus,2589,o16neon,Electronics;Consumer Electronics;Cameras;Olympus
http://twitter.com/k0810h,Main &#187; Electronics &#187; Consumer Electronics &#187; Cameras &#187; Olympus,2589,k0810h,Electronics;Consumer Electronics;Cameras;Olympus
http://twitter.com/ErikaHong,Main &#187; Electronics &#187; Consumer Electronics &#187; Cameras &#187; Olympus,2589,ErikaHong,Electronics;Consumer Electronics;Cameras;Olympus
http://twitter.com/FotoJudith,Main &#187; Electronics &#187; Consumer Electronics &#187; Cameras &#187; Olympus,2589,FotoJudith,Electronics;Consumer Electronics;Cameras;Olympus
http://twitter.com/ryo_gnou,Main &#187; Electronics &#187; Consumer Electronics &#187; Cameras &#187; Olympus,2589,ryo_gnou,Electronics;Consumer Electronics;Cameras;Olympus
http://twitter.com/kobayo,Main &#187; Electronics &#187; Consumer Electronics &#187; Cameras &#187; Olympus,2589,kobayo,Electronics;Consumer Electronics;Cameras;Olympus
http://twitter.com/bboglebebe,Main &#187; Electronics &#187; Consumer Electronics &#187; Cameras &#187; Olympus,2589,bboglebebe,Electronics;Consumer Electronics;Cameras;Olympus
http://twitter.com/NorthernHorse,Main &#187; Electronics &#187; Consumer Electronics &#187; Cameras &#187; Olympus,2589,NorthernHorse,Electronics;Consumer Electronics;Cameras;Olympus
http://twitter.com/cjleonejr,Main &#187; Electronics &#187; Consumer Electronics &#187; Cameras &#187; Olympus,2589,cjleonejr,Electronics;Consumer Electronics;Cameras;Olympus
http://twitter.com/mic_su,Main &#187; Electronics &#187; Consumer Electronics &#187; Cameras &#187; Olympus,2589,mic_su,Electronics;Consumer Electronics;Cameras;Olympus
http://twitter.com/loja_cdmidia,Main &#187; Electronics &#187; Consumer Electronics &#187; Cameras &#187; Olympus,2589,loja_cdmidia,Electronics;Consumer Electronics;Cameras;Olympus
http://twitter.com/nonosaku,Main &#187; Electronics &#187; Consumer Electronics &#187; Cameras &#187; Olympus,2589,nonosaku,Electronics;Consumer Electronics;Cameras;Olympus
http://twitter.com/Diogaeon,Main &#187; Electronics &#187; Consumer Electronics &#187; Cameras &#187; Olympus,2589,Diogaeon,Electronics;Consumer Electronics;Cameras;Olympus
http://twitter.com/dsuket,Main &#187; Electronics &#187; Consumer Electronics &#187; Cameras &#187; Olympus,2589,dsuket,Electronics;Consumer Electronics;Cameras;Olympus
http://twitter.com/ooeeiooo,Main &#187; Electronics &#187; Consumer Electronics &#187; Cameras &#187; Olympus,2589,ooeeiooo,Electronics;Consumer Electronics;Cameras;Olympus
http://twitter.com/jobsringo,Main &#187; Electronics &#187; Consumer Electronics &#187; Cameras &#187; Olympus,2589,jobsringo,Electronics;Consumer Electronics;Cameras;Olympus
http://twitter.com/gotax,Main &#187; Electronics &#187; Consumer Electronics &#187; Cameras &#187; Olympus,2589,gotax,Electronics;Consumer Electronics;Cameras;Olympus
http://twitter.com/DigiCameraNews,Main &#187; Electronics &#187; Consumer Electronics &#187; Cameras &#187; Olympus,2589,DigiCameraNews,Electronics;Consumer Electronics;Cameras;Olympus
http://twitter.com/LEA928,Main &#187; Electronics &#187; Consumer Electronics &#187; Cameras &#187; Olympus,2589,LEA928,Electronics;Consumer Electronics;Cameras;Olympus
http://twitter.com/nao_shige,Main &#187; Electronics &#187; Consumer Electronics &#187; Cameras &#187; Olympus,2589,nao_shige,Electronics;Consumer Electronics;Cameras;Olympus
http://twitter.com/makiiiiiiiiiii,Main &#187; Electronics &#187; Consumer Electronics &#187; Cameras &#187; Olympus,2589,makiiiiiiiiiii,Electronics;Consumer Electronics;Cameras;Olympus
http://twitter.com/WolfX700,Main &#187; Electronics &#187; Consumer Electronics &#187; Cameras &#187; Olympus,2589,WolfX700,Electronics;Consumer Electronics;Cameras;Olympus
http://twitter.com/Myrica_rubra,Main &#187; Electronics &#187; Consumer Electronics &#187; Cameras &#187; Olympus,2589,Myrica_rubra,Electronics;Consumer Electronics;Cameras;Olympus
http://twitter.com/StrykerDigital,Main &#187; Electronics &#187; Consumer Electronics &#187; Cameras &#187; Olympus,2589,StrykerDigital,Electronics;Consumer Electronics;Cameras;Olympus
http://twitter.com/minority318,Main &#187; Electronics &#187; Consumer Electronics &#187; Cameras &#187; Olympus,2589,minority318,Electronics;Consumer Electronics;Cameras;Olympus
http://twitter.com/hcbparis,Main &#187; Electronics &#187; Consumer Electronics &#187; Cameras &#187; Olympus,2589,hcbparis,Electronics;Consumer Electronics;Cameras;Olympus
http://twitter.com/haruiro_,Main &#187; Electronics &#187; Consumer Electronics &#187; Cameras &#187; Olympus,2589,haruiro_,Electronics;Consumer Electronics;Cameras;Olympus
http://twitter.com/h_a_l_u,Main &#187; Electronics &#187; Consumer Electronics &#187; Cameras &#187; Olympus,2589,h_a_l_u,Electronics;Consumer Electronics;Cameras;Olympus
http://twitter.com/joeclausen,Main &#187; Electronics &#187; Consumer Electronics &#187; Cameras &#187; Olympus,2589,joeclausen,Electronics;Consumer Electronics;Cameras;Olympus
http://twitter.com/esun14,Main &#187; Electronics &#187; Consumer Electronics &#187; Cameras &#187; Olympus,2589,esun14,Electronics;Consumer Electronics;Cameras;Olympus
http://twitter.com/i_hirose,Main &#187; Electronics &#187; Consumer Electronics &#187; Cameras &#187; Olympus,2589,i_hirose,Electronics;Consumer Electronics;Cameras;Olympus
http://twitter.com/hide02jet,Main &#187; Electronics &#187; Consumer Electronics &#187; Cameras &#187; Olympus,2589,hide02jet,Electronics;Consumer Electronics;Cameras;Olympus
http://twitter.com/tattunn,Main &#187; Electronics &#187; Consumer Electronics &#187; Cameras &#187; Olympus,2589,tattunn,Electronics;Consumer Electronics;Cameras;Olympus
http://twitter.com/T3tryt,Main &#187; Electronics &#187; Consumer Electronics &#187; Cameras &#187; Olympus,2589,T3tryt,Electronics;Consumer Electronics;Cameras;Olympus
http://twitter.com/brkglbhrl,Main &#187; Electronics &#187; Consumer Electronics &#187; Cameras &#187; Olympus,2589,brkglbhrl,Electronics;Consumer Electronics;Cameras;Olympus
http://twitter.com/Nyangmong,Main &#187; Electronics &#187; Consumer Electronics &#187; Cameras &#187; Olympus,2589,Nyangmong,Electronics;Consumer Electronics;Cameras;Olympus
http://twitter.com/landdesigner1,Main &#187; Electronics &#187; Consumer Electronics &#187; Cameras &#187; Olympus,2589,landdesigner1,Electronics;Consumer Electronics;Cameras;Olympus
http://twitter.com/dmTmr,Main &#187; Electronics &#187; Consumer Electronics &#187; Cameras &#187; Olympus,2589,dmTmr,Electronics;Consumer Electronics;Cameras;Olympus
http://twitter.com/Bryankn,Main &#187; Electronics &#187; Consumer Electronics &#187; Cameras &#187; Olympus,2589,Bryankn,Electronics;Consumer Electronics;Cameras;Olympus
http://twitter.com/tallsoymocha,Main &#187; Electronics &#187; Consumer Electronics &#187; Cameras &#187; Olympus,2589,tallsoymocha,Electronics;Consumer Electronics;Cameras;Olympus
http://twitter.com/guitarshooter,Main &#187; Electronics &#187; Consumer Electronics &#187; Cameras &#187; Olympus,2589,guitarshooter,Electronics;Consumer Electronics;Cameras;Olympus
http://twitter.com/Camruh401super,Main &#187; Electronics &#187; Consumer Electronics &#187; Cameras &#187; Olympus,2589,Camruh401super,Electronics;Consumer Electronics;Cameras;Olympus
http://twitter.com/Makonyan,Main &#187; Electronics &#187; Consumer Electronics &#187; Cameras &#187; Olympus,2589,Makonyan,Electronics;Consumer Electronics;Cameras;Olympus
http://twitter.com/imagicstudios,Main &#187; Electronics &#187; Consumer Electronics &#187; Cameras &#187; Olympus,2589,imagicstudios,Electronics;Consumer Electronics;Cameras;Olympus
http://twitter.com/kodakCB,Main &#187; Electronics &#187; Consumer Electronics &#187; Cameras &#187; Kodak,2590,kodakCB,Electronics;Consumer Electronics;Cameras;Kodak
http://twitter.com/TechTailor,Main &#187; Electronics &#187; Consumer Electronics &#187; Cameras &#187; Kodak,2590,TechTailor,Electronics;Consumer Electronics;Cameras;Kodak
http://twitter.com/tostina,Main &#187; Electronics &#187; Consumer Electronics &#187; Cameras &#187; Kodak,2590,tostina,Electronics;Consumer Electronics;Cameras;Kodak
http://twitter.com/lisawhelan,Main &#187; Electronics &#187; Consumer Electronics &#187; Cameras &#187; Kodak,2590,lisawhelan,Electronics;Consumer Electronics;Cameras;Kodak
http://twitter.com/KodakDeals,Main &#187; Electronics &#187; Consumer Electronics &#187; Cameras &#187; Kodak,2590,KodakDeals,Electronics;Consumer Electronics;Cameras;Kodak
http://twitter.com/Kodak_DE,Main &#187; Electronics &#187; Consumer Electronics &#187; Cameras &#187; Kodak,2590,Kodak_DE,Electronics;Consumer Electronics;Cameras;Kodak
http://twitter.com/KoreaLoverzIndo,Main &#187; Electronics &#187; Consumer Electronics &#187; Cameras &#187; Kodak,2590,KoreaLoverzIndo,Electronics;Consumer Electronics;Cameras;Kodak
http://twitter.com/TomHoehn,Main &#187; Electronics &#187; Consumer Electronics &#187; Cameras &#187; Kodak,2590,TomHoehn,Electronics;Consumer Electronics;Cameras;Kodak
http://twitter.com/kodakChallenge,Main &#187; Electronics &#187; Consumer Electronics &#187; Cameras &#187; Kodak,2590,kodakChallenge,Electronics;Consumer Electronics;Cameras;Kodak
http://twitter.com/LindseyHayzlett,Main &#187; Electronics &#187; Consumer Electronics &#187; Cameras &#187; Kodak,2590,LindseyHayzlett,Electronics;Consumer Electronics;Cameras;Kodak
http://twitter.com/ElizabethPetro,Main &#187; Electronics &#187; Consumer Electronics &#187; Cameras &#187; Kodak,2590,ElizabethPetro,Electronics;Consumer Electronics;Cameras;Kodak
http://twitter.com/MaryIrene,Main &#187; Electronics &#187; Consumer Electronics &#187; Cameras &#187; Kodak,2590,MaryIrene,Electronics;Consumer Electronics;Cameras;Kodak
http://twitter.com/PRIMA_DONAH__x,Main &#187; Electronics &#187; Consumer Electronics &#187; Cameras &#187; Kodak,2590,PRIMA_DONAH__x,Electronics;Consumer Electronics;Cameras;Kodak
http://twitter.com/digitalprint360,Main &#187; Electronics &#187; Consumer Electronics &#187; Cameras &#187; Kodak,2590,digitalprint360,Electronics;Consumer Electronics;Cameras;Kodak
http://twitter.com/marbleslab_tn,Main &#187; Electronics &#187; Consumer Electronics &#187; Cameras &#187; Kodak,2590,marbleslab_tn,Electronics;Consumer Electronics;Cameras;Kodak
http://twitter.com/DianeSymons,Main &#187; Electronics &#187; Consumer Electronics &#187; Cameras &#187; Kodak,2590,DianeSymons,Electronics;Consumer Electronics;Cameras;Kodak
http://twitter.com/Suh_mantha,Main &#187; Electronics &#187; Consumer Electronics &#187; Cameras &#187; Kodak,2590,Suh_mantha,Electronics;Consumer Electronics;Cameras;Kodak
http://twitter.com/pure_wolf,Main &#187; Electronics &#187; Consumer Electronics &#187; Cameras &#187; Kodak,2590,pure_wolf,Electronics;Consumer Electronics;Cameras;Kodak
http://twitter.com/PaperPlaneRolla,Main &#187; Electronics &#187; Consumer Electronics &#187; Cameras &#187; Kodak,2590,PaperPlaneRolla,Electronics;Consumer Electronics;Cameras;Kodak
http://twitter.com/MKM2K5,Main &#187; Electronics &#187; Consumer Electronics &#187; Cameras &#187; Kodak,2590,MKM2K5,Electronics;Consumer Electronics;Cameras;Kodak
http://twitter.com/SecurityGarden,Main &#187; Electronics &#187; Consumer Electronics &#187; Cameras &#187; Kodak,2590,SecurityGarden,Electronics;Consumer Electronics;Cameras;Kodak
http://twitter.com/youLOVEtani,Main &#187; Electronics &#187; Consumer Electronics &#187; Cameras &#187; Kodak,2590,youLOVEtani,Electronics;Consumer Electronics;Cameras;Kodak
http://twitter.com/_Kill_i_AM_,Main &#187; Electronics &#187; Consumer Electronics &#187; Cameras &#187; Kodak,2590,_Kill_i_AM_,Electronics;Consumer Electronics;Cameras;Kodak
http://twitter.com/robincarr,Main &#187; Electronics &#187; Consumer Electronics &#187; Cameras &#187; Kodak,2590,robincarr,Electronics;Consumer Electronics;Cameras;Kodak
http://twitter.com/BrennanTerry,Main &#187; Electronics &#187; Consumer Electronics &#187; Cameras &#187; Kodak,2590,BrennanTerry,Electronics;Consumer Electronics;Cameras;Kodak
http://twitter.com/Francesca25,Main &#187; Electronics &#187; Consumer Electronics &#187; Cameras &#187; Kodak,2590,Francesca25,Electronics;Consumer Electronics;Cameras;Kodak
http://twitter.com/Speechie_,Main &#187; Electronics &#187; Consumer Electronics &#187; Cameras &#187; Kodak,2590,Speechie_,Electronics;Consumer Electronics;Cameras;Kodak
http://twitter.com/Mz_Kodak,Main &#187; Electronics &#187; Consumer Electronics &#187; Cameras &#187; Kodak,2590,Mz_Kodak,Electronics;Consumer Electronics;Cameras;Kodak
http://twitter.com/Kodak_AU,Main &#187; Electronics &#187; Consumer Electronics &#187; Cameras &#187; Kodak,2590,Kodak_AU,Electronics;Consumer Electronics;Cameras;Kodak
http://twitter.com/MsKodak34,Main &#187; Electronics &#187; Consumer Electronics &#187; Cameras &#187; Kodak,2590,MsKodak34,Electronics;Consumer Electronics;Cameras;Kodak
http://twitter.com/KodakMe,Main &#187; Electronics &#187; Consumer Electronics &#187; Cameras &#187; Kodak,2590,KodakMe,Electronics;Consumer Electronics;Cameras;Kodak
http://twitter.com/rtakeoka,Main &#187; Electronics &#187; Consumer Electronics &#187; Cameras &#187; Kodak,2590,rtakeoka,Electronics;Consumer Electronics;Cameras;Kodak
http://twitter.com/patricialipari,Main &#187; Electronics &#187; Consumer Electronics &#187; Cameras &#187; Kodak,2590,patricialipari,Electronics;Consumer Electronics;Cameras;Kodak
http://twitter.com/kristagleason,Main &#187; Electronics &#187; Consumer Electronics &#187; Cameras &#187; Kodak,2590,kristagleason,Electronics;Consumer Electronics;Cameras;Kodak
http://twitter.com/jonathanghent,Main &#187; Electronics &#187; Consumer Electronics &#187; Cameras &#187; Kodak,2590,jonathanghent,Electronics;Consumer Electronics;Cameras;Kodak
http://twitter.com/melissakorn,Main &#187; Electronics &#187; Consumer Electronics &#187; Cameras &#187; Kodak,2590,melissakorn,Electronics;Consumer Electronics;Cameras;Kodak
http://twitter.com/manvomasivo,Main &#187; Electronics &#187; Consumer Electronics &#187; Cameras &#187; Kodak,2590,manvomasivo,Electronics;Consumer Electronics;Cameras;Kodak
http://twitter.com/Fast_Color,Main &#187; Electronics &#187; Consumer Electronics &#187; Cameras &#187; Kodak,2590,Fast_Color,Electronics;Consumer Electronics;Cameras;Kodak
http://twitter.com/RalfWJWerner,Main &#187; Electronics &#187; Consumer Electronics &#187; Cameras &#187; Kodak,2590,RalfWJWerner,Electronics;Consumer Electronics;Cameras;Kodak
http://twitter.com/cathyfred,Main &#187; Electronics &#187; Consumer Electronics &#187; Cameras &#187; Kodak,2590,cathyfred,Electronics;Consumer Electronics;Cameras;Kodak
http://twitter.com/Kodak_Exp_Levin,Main &#187; Electronics &#187; Consumer Electronics &#187; Cameras &#187; Kodak,2590,Kodak_Exp_Levin,Electronics;Consumer Electronics;Cameras;Kodak
http://twitter.com/KodakConnect,Main &#187; Electronics &#187; Consumer Electronics &#187; Cameras &#187; Kodak,2590,KodakConnect,Electronics;Consumer Electronics;Cameras;Kodak
http://twitter.com/craigmcg,Main &#187; Electronics &#187; Consumer Electronics &#187; Cameras &#187; Kodak,2590,craigmcg,Electronics;Consumer Electronics;Cameras;Kodak
http://twitter.com/KodakCL,Main &#187; Electronics &#187; Consumer Electronics &#187; Cameras &#187; Kodak,2590,KodakCL,Electronics;Consumer Electronics;Cameras;Kodak
http://twitter.com/omeomeit,Main &#187; Electronics &#187; Consumer Electronics &#187; Cameras &#187; Kodak,2590,omeomeit,Electronics;Consumer Electronics;Cameras;Kodak
http://twitter.com/GLeney,Main &#187; Electronics &#187; Consumer Electronics &#187; Cameras &#187; Kodak,2590,GLeney,Electronics;Consumer Electronics;Cameras;Kodak
http://twitter.com/stenec,Main &#187; Electronics &#187; Consumer Electronics &#187; Cameras &#187; Kodak,2590,stenec,Electronics;Consumer Electronics;Cameras;Kodak
http://twitter.com/Kodak_Adam,Main &#187; Electronics &#187; Consumer Electronics &#187; Cameras &#187; Kodak,2590,Kodak_Adam,Electronics;Consumer Electronics;Cameras;Kodak
http://twitter.com/InterColor,Main &#187; Electronics &#187; Consumer Electronics &#187; Cameras &#187; Kodak,2590,InterColor,Electronics;Consumer Electronics;Cameras;Kodak
http://twitter.com/GalvinTweet,Main &#187; Electronics &#187; Consumer Electronics &#187; Cameras &#187; Kodak,2590,GalvinTweet,Electronics;Consumer Electronics;Cameras;Kodak
http://twitter.com/Erin_enrgy4less,Main &#187; Electronics &#187; Consumer Electronics &#187; Cameras &#187; Kodak,2590,Erin_enrgy4less,Electronics;Consumer Electronics;Cameras;Kodak
http://twitter.com/MaddyJonasx3,Main &#187; Electronics &#187; Consumer Electronics &#187; Cameras &#187; Kodak,2590,MaddyJonasx3,Electronics;Consumer Electronics;Cameras;Kodak
http://twitter.com/BlackSwan3,Main &#187; Electronics &#187; Consumer Electronics &#187; Cameras &#187; Kodak,2590,BlackSwan3,Electronics;Consumer Electronics;Cameras;Kodak
http://twitter.com/EISKodak,Main &#187; Electronics &#187; Consumer Electronics &#187; Cameras &#187; Kodak,2590,EISKodak,Electronics;Consumer Electronics;Cameras;Kodak
http://twitter.com/CynthiaRas,Main &#187; Electronics &#187; Consumer Electronics &#187; Cameras &#187; Kodak,2590,CynthiaRas,Electronics;Consumer Electronics;Cameras;Kodak
http://twitter.com/YUNGKODAK,Main &#187; Electronics &#187; Consumer Electronics &#187; Cameras &#187; Kodak,2590,YUNGKODAK,Electronics;Consumer Electronics;Cameras;Kodak
http://twitter.com/KuramitsuYuki,Main &#187; Electronics &#187; Consumer Electronics &#187; Cameras &#187; Kodak,2590,KuramitsuYuki,Electronics;Consumer Electronics;Cameras;Kodak
http://twitter.com/StayFlee_E,Main &#187; Electronics &#187; Consumer Electronics &#187; Cameras &#187; Kodak,2590,StayFlee_E,Electronics;Consumer Electronics;Cameras;Kodak
http://twitter.com/b0bm0rgan,Main &#187; Electronics &#187; Consumer Electronics &#187; Cameras &#187; Kodak,2590,b0bm0rgan,Electronics;Consumer Electronics;Cameras;Kodak
http://twitter.com/annturner,Main &#187; Electronics &#187; Consumer Electronics &#187; Cameras &#187; Kodak,2590,annturner,Electronics;Consumer Electronics;Cameras;Kodak
http://twitter.com/JaySolo1,Main &#187; Electronics &#187; Consumer Electronics &#187; Cameras &#187; Kodak,2590,JaySolo1,Electronics;Consumer Electronics;Cameras;Kodak
http://twitter.com/spoilbratduh_,Main &#187; Electronics &#187; Consumer Electronics &#187; Cameras &#187; Kodak,2590,spoilbratduh_,Electronics;Consumer Electronics;Cameras;Kodak
http://twitter.com/KodakMPF_APR,Main &#187; Electronics &#187; Consumer Electronics &#187; Cameras &#187; Kodak,2590,KodakMPF_APR,Electronics;Consumer Electronics;Cameras;Kodak
http://twitter.com/PlatesAreUs,Main &#187; Electronics &#187; Consumer Electronics &#187; Cameras &#187; Kodak,2590,PlatesAreUs,Electronics;Consumer Electronics;Cameras;Kodak
http://twitter.com/ImRockStarJones,Main &#187; Electronics &#187; Consumer Electronics &#187; Cameras &#187; Kodak,2590,ImRockStarJones,Electronics;Consumer Electronics;Cameras;Kodak
http://twitter.com/Kodak_at_Cannes,Main &#187; Electronics &#187; Consumer Electronics &#187; Cameras &#187; Kodak,2590,Kodak_at_Cannes,Electronics;Consumer Electronics;Cameras;Kodak
http://twitter.com/jaymeltdown,Main &#187; Electronics &#187; Consumer Electronics &#187; Cameras &#187; Kodak,2590,jaymeltdown,Electronics;Consumer Electronics;Cameras;Kodak
http://twitter.com/SuperFOTOGRAF,Main &#187; Electronics &#187; Consumer Electronics &#187; Cameras &#187; Kodak,2590,SuperFOTOGRAF,Electronics;Consumer Electronics;Cameras;Kodak
http://twitter.com/jenny_li,Main &#187; Electronics &#187; Consumer Electronics &#187; Cameras &#187; Kodak,2590,jenny_li,Electronics;Consumer Electronics;Cameras;Kodak
http://twitter.com/MicheleRicks,Main &#187; Electronics &#187; Consumer Electronics &#187; Cameras &#187; Kodak,2590,MicheleRicks,Electronics;Consumer Electronics;Cameras;Kodak
http://twitter.com/flipcamsecrets,Main &#187; Electronics &#187; Consumer Electronics &#187; Cameras &#187; Kodak,2590,flipcamsecrets,Electronics;Consumer Electronics;Cameras;Kodak
http://twitter.com/TreSiceDKB_MMI,Main &#187; Electronics &#187; Consumer Electronics &#187; Cameras &#187; Kodak,2590,TreSiceDKB_MMI,Electronics;Consumer Electronics;Cameras;Kodak
http://twitter.com/loveleighannnn,Main &#187; Electronics &#187; Consumer Electronics &#187; Cameras &#187; Kodak,2590,loveleighannnn,Electronics;Consumer Electronics;Cameras;Kodak
http://twitter.com/Kodak_NL,Main &#187; Electronics &#187; Consumer Electronics &#187; Cameras &#187; Kodak,2590,Kodak_NL,Electronics;Consumer Electronics;Cameras;Kodak
http://twitter.com/Stephanie_Ruth,Main &#187; Electronics &#187; Consumer Electronics &#187; Cameras &#187; Kodak,2590,Stephanie_Ruth,Electronics;Consumer Electronics;Cameras;Kodak
http://twitter.com/lindajohnson_kd,Main &#187; Electronics &#187; Consumer Electronics &#187; Cameras &#187; Kodak,2590,lindajohnson_kd,Electronics;Consumer Electronics;Cameras;Kodak
http://twitter.com/MrPrimetime12,Main &#187; Electronics &#187; Consumer Electronics &#187; Cameras &#187; Kodak,2590,MrPrimetime12,Electronics;Consumer Electronics;Cameras;Kodak
http://twitter.com/spaetm,Main &#187; Electronics &#187; Consumer Electronics &#187; Cameras &#187; Kodak,2590,spaetm,Electronics;Consumer Electronics;Cameras;Kodak
http://twitter.com/LindsayAgness,Main &#187; Electronics &#187; Consumer Electronics &#187; Cameras &#187; Kodak,2590,LindsayAgness,Electronics;Consumer Electronics;Cameras;Kodak
http://twitter.com/cjrusso,Main &#187; Electronics &#187; Consumer Electronics &#187; Cameras &#187; Kodak,2590,cjrusso,Electronics;Consumer Electronics;Cameras;Kodak
http://twitter.com/LadyPEntMMI,Main &#187; Electronics &#187; Consumer Electronics &#187; Cameras &#187; Kodak,2590,LadyPEntMMI,Electronics;Consumer Electronics;Cameras;Kodak
http://twitter.com/Glenn7,Main &#187; Electronics &#187; Consumer Electronics &#187; Cameras &#187; Kodak,2590,Glenn7,Electronics;Consumer Electronics;Cameras;Kodak
http://twitter.com/jenjibam,Main &#187; Electronics &#187; Consumer Electronics &#187; Cameras &#187; Kodak,2590,jenjibam,Electronics;Consumer Electronics;Cameras;Kodak
http://twitter.com/Shannonwoon,Main &#187; Electronics &#187; Consumer Electronics &#187; Cameras &#187; Kodak,2590,Shannonwoon,Electronics;Consumer Electronics;Cameras;Kodak
http://twitter.com/Dlanzillo,Main &#187; Electronics &#187; Consumer Electronics &#187; Cameras &#187; Kodak,2590,Dlanzillo,Electronics;Consumer Electronics;Cameras;Kodak
http://twitter.com/oscars2010,Main &#187; Electronics &#187; Consumer Electronics &#187; Cameras &#187; Kodak,2590,oscars2010,Electronics;Consumer Electronics;Cameras;Kodak
http://twitter.com/nariefp,Main &#187; Electronics &#187; Consumer Electronics &#187; Cameras &#187; Kodak,2590,nariefp,Electronics;Consumer Electronics;Cameras;Kodak
http://twitter.com/slicknic,Main &#187; Electronics &#187; Consumer Electronics &#187; Cameras &#187; Kodak,2590,slicknic,Electronics;Consumer Electronics;Cameras;Kodak
http://twitter.com/cdavidson1220,Main &#187; Electronics &#187; Consumer Electronics &#187; Cameras &#187; Kodak,2590,cdavidson1220,Electronics;Consumer Electronics;Cameras;Kodak
http://twitter.com/LakerFanXD,Main &#187; Electronics &#187; Consumer Electronics &#187; Cameras &#187; Kodak,2590,LakerFanXD,Electronics;Consumer Electronics;Cameras;Kodak
http://twitter.com/reedmaker,Main &#187; Electronics &#187; Consumer Electronics &#187; Cameras &#187; Kodak,2590,reedmaker,Electronics;Consumer Electronics;Cameras;Kodak
http://twitter.com/mabraga,Main &#187; Electronics &#187; Consumer Electronics &#187; Cameras &#187; Kodak,2590,mabraga,Electronics;Consumer Electronics;Cameras;Kodak
http://twitter.com/photo_cartridge,Main &#187; Electronics &#187; Consumer Electronics &#187; Cameras &#187; Kodak,2590,photo_cartridge,Electronics;Consumer Electronics;Cameras;Kodak
http://twitter.com/HUNOB,Main &#187; Electronics &#187; Consumer Electronics &#187; Cameras &#187; Kodak,2590,HUNOB,Electronics;Consumer Electronics;Cameras;Kodak
http://twitter.com/KODAK_Latino,Main &#187; Electronics &#187; Consumer Electronics &#187; Cameras &#187; Kodak,2590,KODAK_Latino,Electronics;Consumer Electronics;Cameras;Kodak
http://twitter.com/KodakLounge,Main &#187; Electronics &#187; Consumer Electronics &#187; Cameras &#187; Kodak,2590,KodakLounge,Electronics;Consumer Electronics;Cameras;Kodak
http://twitter.com/itsjustnatasha,Main &#187; Electronics &#187; Consumer Electronics &#187; Cameras &#187; Kodak,2590,itsjustnatasha,Electronics;Consumer Electronics;Cameras;Kodak
http://twitter.com/kg_promo_codes,Main &#187; Electronics &#187; Consumer Electronics &#187; Cameras &#187; Kodak,2590,kg_promo_codes,Electronics;Consumer Electronics;Cameras;Kodak
http://twitter.com/ger_frers,Main &#187; Electronics &#187; Consumer Electronics &#187; Cameras &#187; Kodak,2590,ger_frers,Electronics;Consumer Electronics;Cameras;Kodak
http://twitter.com/flyboiiSosa,Main &#187; Electronics &#187; Consumer Electronics &#187; Cameras &#187; Kodak,2590,flyboiiSosa,Electronics;Consumer Electronics;Cameras;Kodak
http://twitter.com/Josh_alive,Main &#187; Electronics &#187; Consumer Electronics &#187; Cameras &#187; Canon,2591,Josh_alive,Electronics;Consumer Electronics;Cameras;Canon
http://twitter.com/ThomRainer,Main &#187; Electronics &#187; Consumer Electronics &#187; Cameras &#187; Canon,2591,ThomRainer,Electronics;Consumer Electronics;Cameras;Canon
http://twitter.com/indywoodFILMS,Main &#187; Electronics &#187; Consumer Electronics &#187; Cameras &#187; Canon,2591,indywoodFILMS,Electronics;Consumer Electronics;Cameras;Canon
http://twitter.com/1004ceo,Main &#187; Electronics &#187; Consumer Electronics &#187; Cameras &#187; Canon,2591,1004ceo,Electronics;Consumer Electronics;Cameras;Canon
http://twitter.com/Canon_Camera,Main &#187; Electronics &#187; Consumer Electronics &#187; Cameras &#187; Canon,2591,Canon_Camera,Electronics;Consumer Electronics;Cameras;Canon
http://twitter.com/mostlylisa,Main &#187; Electronics &#187; Consumer Electronics &#187; Cameras &#187; Canon,2591,mostlylisa,Electronics;Consumer Electronics;Cameras;Canon
http://twitter.com/ccopley,Main &#187; Electronics &#187; Consumer Electronics &#187; Cameras &#187; Canon,2591,ccopley,Electronics;Consumer Electronics;Cameras;Canon
http://twitter.com/JohnHyland,Main &#187; Electronics &#187; Consumer Electronics &#187; Cameras &#187; Canon,2591,JohnHyland,Electronics;Consumer Electronics;Cameras;Canon
http://twitter.com/CanonNews,Main &#187; Electronics &#187; Consumer Electronics &#187; Cameras &#187; Canon,2591,CanonNews,Electronics;Consumer Electronics;Cameras;Canon
http://twitter.com/ahuuha,Main &#187; Electronics &#187; Consumer Electronics &#187; Cameras &#187; Canon,2591,ahuuha,Electronics;Consumer Electronics;Cameras;Canon
http://twitter.com/tommyshim,Main &#187; Electronics &#187; Consumer Electronics &#187; Cameras &#187; Canon,2591,tommyshim,Electronics;Consumer Electronics;Cameras;Canon
http://twitter.com/Gong6587,Main &#187; Electronics &#187; Consumer Electronics &#187; Cameras &#187; Canon,2591,Gong6587,Electronics;Consumer Electronics;Cameras;Canon
http://twitter.com/planetMitch,Main &#187; Electronics &#187; Consumer Electronics &#187; Cameras &#187; Canon,2591,planetMitch,Electronics;Consumer Electronics;Cameras;Canon
http://twitter.com/torere77,Main &#187; Electronics &#187; Consumer Electronics &#187; Cameras &#187; Canon,2591,torere77,Electronics;Consumer Electronics;Cameras;Canon
http://twitter.com/munijx,Main &#187; Electronics &#187; Consumer Electronics &#187; Cameras &#187; Canon,2591,munijx,Electronics;Consumer Electronics;Cameras;Canon
http://twitter.com/zedomax,Main &#187; Electronics &#187; Consumer Electronics &#187; Cameras &#187; Canon,2591,zedomax,Electronics;Consumer Electronics;Cameras;Canon
http://twitter.com/CanonAustralia,Main &#187; Electronics &#187; Consumer Electronics &#187; Cameras &#187; Canon,2591,CanonAustralia,Electronics;Consumer Electronics;Cameras;Canon
http://twitter.com/AndrewAWilson,Main &#187; Electronics &#187; Consumer Electronics &#187; Cameras &#187; Canon,2591,AndrewAWilson,Electronics;Consumer Electronics;Cameras;Canon
http://twitter.com/noir486,Main &#187; Electronics &#187; Consumer Electronics &#187; Cameras &#187; Canon,2591,noir486,Electronics;Consumer Electronics;Cameras;Canon
http://twitter.com/RossCebu,Main &#187; Electronics &#187; Consumer Electronics &#187; Cameras &#187; Canon,2591,RossCebu,Electronics;Consumer Electronics;Cameras;Canon
http://twitter.com/yeoni83,Main &#187; Electronics &#187; Consumer Electronics &#187; Cameras &#187; Canon,2591,yeoni83,Electronics;Consumer Electronics;Cameras;Canon
http://twitter.com/Photo_Secrets,Main &#187; Electronics &#187; Consumer Electronics &#187; Cameras &#187; Canon,2591,Photo_Secrets,Electronics;Consumer Electronics;Cameras;Canon
http://twitter.com/jeongwoolee79,Main &#187; Electronics &#187; Consumer Electronics &#187; Cameras &#187; Canon,2591,jeongwoolee79,Electronics;Consumer Electronics;Cameras;Canon
http://twitter.com/sthrnfairytale,Main &#187; Electronics &#187; Consumer Electronics &#187; Cameras &#187; Canon,2591,sthrnfairytale,Electronics;Consumer Electronics;Cameras;Canon
http://twitter.com/vottari,Main &#187; Electronics &#187; Consumer Electronics &#187; Cameras &#187; Canon,2591,vottari,Electronics;Consumer Electronics;Cameras;Canon
http://twitter.com/hanyaoreo,Main &#187; Electronics &#187; Consumer Electronics &#187; Cameras &#187; Canon,2591,hanyaoreo,Electronics;Consumer Electronics;Cameras;Canon
http://twitter.com/ehguus,Main &#187; Electronics &#187; Consumer Electronics &#187; Cameras &#187; Canon,2591,ehguus,Electronics;Consumer Electronics;Cameras;Canon
http://twitter.com/openmijin,Main &#187; Electronics &#187; Consumer Electronics &#187; Cameras &#187; Canon,2591,openmijin,Electronics;Consumer Electronics;Cameras;Canon
http://twitter.com/ErichtheSheriff,Main &#187; Electronics &#187; Consumer Electronics &#187; Cameras &#187; Canon,2591,ErichtheSheriff,Electronics;Consumer Electronics;Cameras;Canon
http://twitter.com/InkjetReset,Main &#187; Electronics &#187; Consumer Electronics &#187; Cameras &#187; Canon,2591,InkjetReset,Electronics;Consumer Electronics;Cameras;Canon
http://twitter.com/whatisdubli,Main &#187; Electronics &#187; Consumer Electronics &#187; Cameras &#187; Canon,2591,whatisdubli,Electronics;Consumer Electronics;Cameras;Canon
http://twitter.com/hiptraveler,Main &#187; Electronics &#187; Consumer Electronics &#187; Cameras &#187; Canon,2591,hiptraveler,Electronics;Consumer Electronics;Cameras;Canon
http://twitter.com/ABodger,Main &#187; Electronics &#187; Consumer Electronics &#187; Cameras &#187; Canon,2591,ABodger,Electronics;Consumer Electronics;Cameras;Canon
http://twitter.com/Durango_CO,Main &#187; Electronics &#187; Consumer Electronics &#187; Cameras &#187; Canon,2591,Durango_CO,Electronics;Consumer Electronics;Cameras;Canon
http://twitter.com/Typewriter_Guy,Main &#187; Electronics &#187; Consumer Electronics &#187; Cameras &#187; Canon,2591,Typewriter_Guy,Electronics;Consumer Electronics;Cameras;Canon
http://twitter.com/Corebin,Main &#187; Electronics &#187; Consumer Electronics &#187; Cameras &#187; Canon,2591,Corebin,Electronics;Consumer Electronics;Cameras;Canon
http://twitter.com/CanonUKandIE,Main &#187; Electronics &#187; Consumer Electronics &#187; Cameras &#187; Canon,2591,CanonUKandIE,Electronics;Consumer Electronics;Cameras;Canon
http://twitter.com/leafshutter,Main &#187; Electronics &#187; Consumer Electronics &#187; Cameras &#187; Canon,2591,leafshutter,Electronics;Consumer Electronics;Cameras;Canon
http://twitter.com/kliytej,Main &#187; Electronics &#187; Consumer Electronics &#187; Cameras &#187; Canon,2591,kliytej,Electronics;Consumer Electronics;Cameras;Canon
http://twitter.com/CouqueDasse,Main &#187; Electronics &#187; Consumer Electronics &#187; Cameras &#187; Canon,2591,CouqueDasse,Electronics;Consumer Electronics;Cameras;Canon
http://twitter.com/MelonAB,Main &#187; Electronics &#187; Consumer Electronics &#187; Cameras &#187; Canon,2591,MelonAB,Electronics;Consumer Electronics;Cameras;Canon
http://twitter.com/CanonFacts,Main &#187; Electronics &#187; Consumer Electronics &#187; Cameras &#187; Canon,2591,CanonFacts,Electronics;Consumer Electronics;Cameras;Canon
http://twitter.com/megamina,Main &#187; Electronics &#187; Consumer Electronics &#187; Cameras &#187; Canon,2591,megamina,Electronics;Consumer Electronics;Cameras;Canon
http://twitter.com/doorsros,Main &#187; Electronics &#187; Consumer Electronics &#187; Cameras &#187; Canon,2591,doorsros,Electronics;Consumer Electronics;Cameras;Canon
http://twitter.com/waltloveridge,Main &#187; Electronics &#187; Consumer Electronics &#187; Cameras &#187; Canon,2591,waltloveridge,Electronics;Consumer Electronics;Cameras;Canon
http://twitter.com/canonfanatic,Main &#187; Electronics &#187; Consumer Electronics &#187; Cameras &#187; Canon,2591,canonfanatic,Electronics;Consumer Electronics;Cameras;Canon
http://twitter.com/takehislight,Main &#187; Electronics &#187; Consumer Electronics &#187; Cameras &#187; Canon,2591,takehislight,Electronics;Consumer Electronics;Cameras;Canon
http://twitter.com/DeFrees,Main &#187; Electronics &#187; Consumer Electronics &#187; Cameras &#187; Canon,2591,DeFrees,Electronics;Consumer Electronics;Cameras;Canon
http://twitter.com/RoelJewel,Main &#187; Electronics &#187; Consumer Electronics &#187; Cameras &#187; Canon,2591,RoelJewel,Electronics;Consumer Electronics;Cameras;Canon
http://twitter.com/AnoukTimmerman,Main &#187; Electronics &#187; Consumer Electronics &#187; Cameras &#187; Canon,2591,AnoukTimmerman,Electronics;Consumer Electronics;Cameras;Canon
http://twitter.com/Puran2,Main &#187; Electronics &#187; Consumer Electronics &#187; Cameras &#187; Canon,2591,Puran2,Electronics;Consumer Electronics;Cameras;Canon
http://twitter.com/SaraBAllen,Main &#187; Electronics &#187; Consumer Electronics &#187; Cameras &#187; Canon,2591,SaraBAllen,Electronics;Consumer Electronics;Cameras;Canon
http://twitter.com/airkjw,Main &#187; Electronics &#187; Consumer Electronics &#187; Cameras &#187; Canon,2591,airkjw,Electronics;Consumer Electronics;Cameras;Canon
http://twitter.com/elskidblog,Main &#187; Electronics &#187; Consumer Electronics &#187; Cameras &#187; Canon,2591,elskidblog,Electronics;Consumer Electronics;Cameras;Canon
http://twitter.com/yajiji,Main &#187; Electronics &#187; Consumer Electronics &#187; Cameras &#187; Canon,2591,yajiji,Electronics;Consumer Electronics;Cameras;Canon
http://twitter.com/motoki0,Main &#187; Electronics &#187; Consumer Electronics &#187; Cameras &#187; Canon,2591,motoki0,Electronics;Consumer Electronics;Cameras;Canon
http://twitter.com/loloontheair,Main &#187; Electronics &#187; Consumer Electronics &#187; Cameras &#187; Canon,2591,loloontheair,Electronics;Consumer Electronics;Cameras;Canon
http://twitter.com/timelapsehq,Main &#187; Electronics &#187; Consumer Electronics &#187; Cameras &#187; Canon,2591,timelapsehq,Electronics;Consumer Electronics;Cameras;Canon
http://twitter.com/gadgetspot,Main &#187; Electronics &#187; Consumer Electronics &#187; Cameras &#187; Canon,2591,gadgetspot,Electronics;Consumer Electronics;Cameras;Canon
http://twitter.com/gewoozee,Main &#187; Electronics &#187; Consumer Electronics &#187; Cameras &#187; Canon,2591,gewoozee,Electronics;Consumer Electronics;Cameras;Canon
http://twitter.com/miruhi,Main &#187; Electronics &#187; Consumer Electronics &#187; Cameras &#187; Canon,2591,miruhi,Electronics;Consumer Electronics;Cameras;Canon
http://twitter.com/Ofertas_CDmidia,Main &#187; Electronics &#187; Consumer Electronics &#187; Cameras &#187; Canon,2591,Ofertas_CDmidia,Electronics;Consumer Electronics;Cameras;Canon
http://twitter.com/TTmaru,Main &#187; Electronics &#187; Consumer Electronics &#187; Cameras &#187; Canon,2591,TTmaru,Electronics;Consumer Electronics;Cameras;Canon
http://twitter.com/insanejflow,Main &#187; Electronics &#187; Consumer Electronics &#187; Cameras &#187; Canon,2591,insanejflow,Electronics;Consumer Electronics;Cameras;Canon
http://twitter.com/oriyon_,Main &#187; Electronics &#187; Consumer Electronics &#187; Cameras &#187; Canon,2591,oriyon_,Electronics;Consumer Electronics;Cameras;Canon
http://twitter.com/InkClubWorld,Main &#187; Electronics &#187; Consumer Electronics &#187; Cameras &#187; Canon,2591,InkClubWorld,Electronics;Consumer Electronics;Cameras;Canon
http://twitter.com/Timecatcher,Main &#187; Electronics &#187; Consumer Electronics &#187; Cameras &#187; Canon,2591,Timecatcher,Electronics;Consumer Electronics;Cameras;Canon
http://twitter.com/PHOTOluluTV,Main &#187; Electronics &#187; Consumer Electronics &#187; Cameras &#187; Canon,2591,PHOTOluluTV,Electronics;Consumer Electronics;Cameras;Canon
http://twitter.com/Canon_HQ,Main &#187; Electronics &#187; Consumer Electronics &#187; Cameras &#187; Canon,2591,Canon_HQ,Electronics;Consumer Electronics;Cameras;Canon
http://twitter.com/dal_bong,Main &#187; Electronics &#187; Consumer Electronics &#187; Cameras &#187; Canon,2591,dal_bong,Electronics;Consumer Electronics;Cameras;Canon
http://twitter.com/mudkarain,Main &#187; Electronics &#187; Consumer Electronics &#187; Cameras &#187; Canon,2591,mudkarain,Electronics;Consumer Electronics;Cameras;Canon
http://twitter.com/Blocdeesbozos,Main &#187; Electronics &#187; Consumer Electronics &#187; Cameras &#187; Canon,2591,Blocdeesbozos,Electronics;Consumer Electronics;Cameras;Canon
http://twitter.com/plum0202,Main &#187; Electronics &#187; Consumer Electronics &#187; Cameras &#187; Canon,2591,plum0202,Electronics;Consumer Electronics;Cameras;Canon
http://twitter.com/ghkim0205,Main &#187; Electronics &#187; Consumer Electronics &#187; Cameras &#187; Canon,2591,ghkim0205,Electronics;Consumer Electronics;Cameras;Canon
http://twitter.com/leebyong,Main &#187; Electronics &#187; Consumer Electronics &#187; Cameras &#187; Canon,2591,leebyong,Electronics;Consumer Electronics;Cameras;Canon
http://twitter.com/Shit1021,Main &#187; Electronics &#187; Consumer Electronics &#187; Cameras &#187; Canon,2591,Shit1021,Electronics;Consumer Electronics;Cameras;Canon
http://twitter.com/Mooncricket,Main &#187; Electronics &#187; Consumer Electronics &#187; Cameras &#187; Canon,2591,Mooncricket,Electronics;Consumer Electronics;Cameras;Canon
http://twitter.com/Pix_Won,Main &#187; Electronics &#187; Consumer Electronics &#187; Cameras &#187; Canon,2591,Pix_Won,Electronics;Consumer Electronics;Cameras;Canon
http://twitter.com/hakandahlstrom,Main &#187; Electronics &#187; Consumer Electronics &#187; Cameras &#187; Canon,2591,hakandahlstrom,Electronics;Consumer Electronics;Cameras;Canon
http://twitter.com/pleurion,Main &#187; Electronics &#187; Consumer Electronics &#187; Cameras &#187; Canon,2591,pleurion,Electronics;Consumer Electronics;Cameras;Canon
http://twitter.com/CanonEOS7D,Main &#187; Electronics &#187; Consumer Electronics &#187; Cameras &#187; Canon,2591,CanonEOS7D,Electronics;Consumer Electronics;Cameras;Canon
http://twitter.com/CBJason,Main &#187; Electronics &#187; Consumer Electronics &#187; Cameras &#187; Canon,2591,CBJason,Electronics;Consumer Electronics;Cameras;Canon
http://twitter.com/bperry,Main &#187; Electronics &#187; Consumer Electronics &#187; Cameras &#187; Canon,2591,bperry,Electronics;Consumer Electronics;Cameras;Canon
http://twitter.com/LensProToGo,Main &#187; Electronics &#187; Consumer Electronics &#187; Cameras &#187; Canon,2591,LensProToGo,Electronics;Consumer Electronics;Cameras;Canon
http://twitter.com/lquessenberry,Main &#187; Electronics &#187; Consumer Electronics &#187; Cameras &#187; Canon,2591,lquessenberry,Electronics;Consumer Electronics;Cameras;Canon
http://twitter.com/BasBoerman,Main &#187; Electronics &#187; Consumer Electronics &#187; Cameras &#187; Canon,2591,BasBoerman,Electronics;Consumer Electronics;Cameras;Canon
http://twitter.com/Flora_0,Main &#187; Electronics &#187; Consumer Electronics &#187; Cameras &#187; Canon,2591,Flora_0,Electronics;Consumer Electronics;Cameras;Canon
http://twitter.com/MP6400,Main &#187; Electronics &#187; Consumer Electronics &#187; Cameras &#187; Canon,2591,MP6400,Electronics;Consumer Electronics;Cameras;Canon
http://twitter.com/Sean2_K,Main &#187; Electronics &#187; Consumer Electronics &#187; Cameras &#187; Canon,2591,Sean2_K,Electronics;Consumer Electronics;Cameras;Canon
http://twitter.com/marinadochka,Main &#187; Electronics &#187; Consumer Electronics &#187; Cameras &#187; Canon,2591,marinadochka,Electronics;Consumer Electronics;Cameras;Canon
http://twitter.com/ToptenDigital,Main &#187; Electronics &#187; Consumer Electronics &#187; Cameras &#187; Canon,2591,ToptenDigital,Electronics;Consumer Electronics;Cameras;Canon
http://twitter.com/Eungkko,Main &#187; Electronics &#187; Consumer Electronics &#187; Cameras &#187; Canon,2591,Eungkko,Electronics;Consumer Electronics;Cameras;Canon
http://twitter.com/alffen,Main &#187; Electronics &#187; Consumer Electronics &#187; Cameras &#187; Canon,2591,alffen,Electronics;Consumer Electronics;Cameras;Canon
http://twitter.com/DrYoungjae,Main &#187; Electronics &#187; Consumer Electronics &#187; Cameras &#187; Canon,2591,DrYoungjae,Electronics;Consumer Electronics;Cameras;Canon
http://twitter.com/akiin_dezine,Main &#187; Electronics &#187; Consumer Electronics &#187; Cameras &#187; Canon,2591,akiin_dezine,Electronics;Consumer Electronics;Cameras;Canon
http://twitter.com/Canon_Fanz,Main &#187; Electronics &#187; Consumer Electronics &#187; Cameras &#187; Canon,2591,Canon_Fanz,Electronics;Consumer Electronics;Cameras;Canon
http://twitter.com/KameraDeals_DE,Main &#187; Electronics &#187; Consumer Electronics &#187; Cameras &#187; Canon,2591,KameraDeals_DE,Electronics;Consumer Electronics;Cameras;Canon
http://twitter.com/drkang9,Main &#187; Electronics &#187; Consumer Electronics &#187; Cameras &#187; Canon,2591,drkang9,Electronics;Consumer Electronics;Cameras;Canon
http://twitter.com/alwaysleekh,Main &#187; Electronics &#187; Consumer Electronics &#187; Cameras &#187; Canon,2591,alwaysleekh,Electronics;Consumer Electronics;Cameras;Canon
http://twitter.com/ShakespeareNJ,Main &#187; Electronics &#187; Consumer Electronics &#187; Cameras &#187; Canon,2591,ShakespeareNJ,Electronics;Consumer Electronics;Cameras;Canon
